customer_id,age,gender,country,tenure_months,avg_order_value,orders_last_12m,returns_rate,preferred_channel,support_tickets,has_subscription,discount_usage_pct,churned
C00001,67,Other,Germany,68,84.17,26,0.083,Marketplace,1,1,10.4,0
C00002,31,M,Canada,19,125.74,15,0.115,App,1,0,30.15,0
C00003,52,F,Japan,55,59.0,12,0.056,Web,3,0,5.59,0
C00004,65,Other,India,7,127.1,7,0.0,Web,1,1,33.19,0
C00005,52,M,Germany,31,106.73,6,0.147,Mobile,0,1,9.15,0
C00006,46,M,Brazil,81,162.98,6,0.213,Marketplace,0,1,1.31,0
C00007,39,Other,India,55,131.36,2,0.136,Marketplace,0,0,8.27,0
C00008,62,F,France,4,123.11,12,0.0,App,1,0,29.88,1
C00009,54,M,Brazil,11,105.35,15,0.049,Marketplace,0,0,28.45,0
C00010,65,M,United Kingdom,18,41.33,11,0.202,Marketplace,2,0,0,1
C00011,42,Other,United Kingdom,74,98.59,28,0.182,Web,0,0,45.04,0
C00012,43,Other,Australia,80,32.72,7,0.107,Marketplace,2,0,24.1,1
C00013,70,F,Japan,64,125.7,19,0.138,Mobile,3,1,14.69,0
C00014,70,M,Germany,37,124.71,11,0.029,Marketplace,2,0,37.28,0
C00015,33,M,Australia,48,41.18,6,0.157,App,1,1,29.92,0
C00016,22,Other,Japan,13,79.36,9,0.071,Web,2,1,12.32,0
C00017,18,M,United Kingdom,33,50.74,11,0.198,Marketplace,1,0,33.06,0
C00018,39,F,Brazil,60,76.06,16,0.132,App,0,0,16.74,0
C00019,65,Other,Brazil,47,110.53,9,0.159,Mobile,0,1,5.23,0
C00020,53,F,Brazil,82,81.01,12,0.055,Marketplace,1,0,24.97,0
C00021,25,M,Canada,64,116.79,13,0.057,Mobile,0,1,32.56,0
C00022,36,F,Mexico,24,121.25,17,0.0,Mobile,1,0,4.13,0
C00023,44,Other,Canada,10,85.99,20,0.139,App,1,1,10.42,0
C00024,27,F,India,4,36.97,23,0.154,Web,0,1,6.87,0
C00025,59,M,United States,80,114.56,10,0.065,Web,0,0,18.91,0
C00026,53,F,United Kingdom,78,95.73,6,0.135,Marketplace,2,1,45.95,0
C00027,67,Other,Japan,52,72.26,23,0.057,Mobile,0,1,24.18,0
C00028,40,Other,Australia,13,30.81,16,0.0,Web,0,1,19.63,0
C00029,66,Other,United Kingdom,55,103.05,3,0.003,Marketplace,1,0,0,0
C00030,51,F,France,81,77.11,10,0.053,Mobile,0,1,18.97,0
C00031,51,Other,Japan,55,81.91,14,0.102,App,1,0,5.64,0
C00032,40,F,Australia,33,82.58,1,0.01,Web,3,1,20.01,0
C00033,23,F,Germany,54,106.03,7,0.005,Mobile,0,1,11.29,0
C00034,23,F,Brazil,78,65.72,11,0.199,Marketplace,1,1,18.92,0
C00035,62,M,Canada,52,146.74,1,0.006,Mobile,0,1,6.77,0
C00036,26,Other,United Kingdom,2,10,16,0.217,Mobile,1,0,10.69,1
C00037,45,F,Brazil,81,112.36,5,0.198,Marketplace,2,0,15.51,0
C00038,48,F,Canada,3,86.2,17,0.0,Marketplace,1,1,32.86,1
C00039,44,Other,Brazil,64,81.18,2,0.018,Mobile,0,1,6.37,0
C00040,63,F,Brazil,8,109.76,4,0.065,App,1,1,21.98,0
C00041,46,Other,Brazil,56,113.6,12,0.106,Mobile,2,0,2.05,0
C00042,36,F,Japan,50,82.77,24,0.042,Mobile,0,1,0.69,0
C00043,36,F,Germany,12,75.84,8,0.114,Web,2,0,25.75,0
C00044,19,M,Australia,46,10,16,0.029,Web,2,0,36.9,0
C00045,57,F,Mexico,30,103.1,15,0.076,Web,2,1,20.5,0
C00046,63,Other,Japan,7,25.43,18,0.042,Web,0,0,24.13,0
C00047,70,Other,Brazil,72,100.95,12,0.0,Web,0,1,23.5,0
C00048,27,F,Germany,83,109.27,3,0.192,Marketplace,1,1,23.63,0
C00049,39,Other,Australia,37,70.23,11,0.0,Mobile,2,1,11.81,0
C00050,26,M,United Kingdom,55,65.91,5,0.122,Web,0,1,24.02,0
C00051,63,Other,United Kingdom,67,98.82,10,0.0,Web,4,0,7.02,1
C00052,58,M,India,67,99.08,19,0.066,Web,2,1,5.74,0
C00053,70,M,India,36,123.92,6,0.129,Marketplace,2,0,30.77,0
C00054,67,Other,France,26,53.21,14,0.057,Mobile,0,0,15.22,0
C00055,23,M,Australia,66,44.74,9,0.082,Web,0,0,29.54,0
C00056,64,Other,United States,8,57.27,14,0.028,Marketplace,0,0,17.71,0
C00057,39,Other,Japan,31,120.85,1,0.0,Mobile,0,0,12.21,0
C00058,63,F,Australia,49,108.14,6,0.073,Marketplace,0,1,32.0,0
C00059,23,M,France,12,152.79,17,0.0,Marketplace,1,1,12.59,0
C00060,58,F,Mexico,55,53.15,22,0.077,Mobile,3,1,11.73,0
C00061,49,Other,India,59,122.57,19,0.106,Web,0,0,15.03,0
C00062,56,M,France,53,87.49,17,0.129,App,0,0,32.15,0
C00063,49,M,United States,4,89.96,8,0.059,Web,1,1,24.41,0
C00064,53,M,Brazil,45,69.34,13,0.09,Mobile,0,1,19.22,0
C00065,66,M,Germany,18,46.11,11,0.0,Marketplace,1,1,32.22,0
C00066,39,Other,United States,70,111.08,22,0.114,App,0,0,21.39,0
C00067,53,Other,United States,83,116.93,18,0.119,Web,2,0,32.05,0
C00068,60,Other,Japan,69,73.73,12,0.094,App,1,1,9.24,0
C00069,43,F,Canada,76,151.89,15,0.165,Web,1,1,32.53,0
C00070,52,F,Japan,22,91.46,11,0.13,App,1,1,11.1,0
C00071,29,F,Germany,4,78.27,6,0.116,Mobile,1,1,16.57,0
C00072,66,M,Brazil,77,168.31,5,0.032,Marketplace,1,0,6.17,0
C00073,22,M,Japan,62,133.78,13,0.093,Marketplace,1,0,18.35,0
C00074,46,Other,Australia,11,129.51,16,0.002,Marketplace,1,0,11.49,0
C00075,20,Other,France,1,119.21,1,0.0,Marketplace,0,0,45.94,0
C00076,40,M,Canada,81,85.28,15,0.229,Mobile,1,0,24.98,0
C00077,64,Other,Brazil,72,156.83,11,0.103,App,2,1,39.58,0
C00078,33,F,Japan,42,28.76,7,0.154,Marketplace,1,0,16.74,0
C00079,18,F,Mexico,2,68.13,5,0.179,Web,0,1,0,0
C00080,70,Other,United States,57,70.39,8,0.014,Web,2,1,0,0
C00081,47,Other,France,48,119.95,9,0.083,Mobile,1,1,10.03,0
C00082,32,Other,Australia,64,35.14,13,0.076,Web,0,0,18.84,1
C00083,35,M,Japan,73,63.6,11,0.125,Mobile,3,0,23.76,1
C00084,51,M,United States,36,92.32,15,0.192,Marketplace,3,1,17.07,0
C00085,59,Other,United States,84,163.37,17,0.0,Mobile,2,1,28.47,0
C00086,21,Other,United States,36,114.29,19,0.032,Mobile,0,1,28.95,0
C00087,62,F,Japan,55,160.36,7,0.103,App,2,0,14.2,0
C00088,34,F,Canada,32,73.77,16,0.117,Marketplace,1,1,21.38,0
C00089,66,F,United States,13,52.52,5,0.104,Marketplace,1,0,0,0
C00090,21,M,Australia,39,136.22,6,0.025,Web,1,0,20.43,0
C00091,57,F,India,53,90.02,21,0.074,Web,1,1,5.63,0
C00092,47,F,Japan,67,93.25,9,0.126,Mobile,2,0,27.71,0
C00093,58,Other,Australia,66,83.56,19,0.066,App,0,0,20.34,1
C00094,37,F,Mexico,75,93.0,21,0.0,Mobile,1,1,26.24,0
C00095,21,F,India,31,18.61,11,0.133,Mobile,0,0,34.98,0
C00096,60,M,India,61,77.64,5,0.0,Mobile,0,1,11.69,0
C00097,24,M,India,59,139.76,1,0.0,Marketplace,1,0,13.3,0
C00098,31,F,France,52,48.23,20,0.302,Marketplace,0,0,21.57,0
C00099,30,F,India,81,33.82,5,0.099,Mobile,1,0,16.21,0
C00100,29,F,India,26,109.04,25,0.101,Mobile,1,0,16.68,0
C00101,37,F,Germany,59,88.94,24,0.0,Mobile,0,1,21.19,0
C00102,52,Other,Germany,49,76.09,9,0.014,App,0,0,25.31,0
C00103,68,Other,Japan,20,79.57,14,0.126,Web,0,1,19.25,0
C00104,28,Other,India,66,98.95,1,0.187,Marketplace,1,1,6.38,0
C00105,63,F,Australia,64,39.45,13,0.0,Mobile,0,0,24.77,0
C00106,37,F,France,55,156.62,18,0.013,Marketplace,2,0,13.42,1
C00107,51,M,France,46,86.26,14,0.008,Marketplace,1,1,5.95,0
C00108,19,Other,Mexico,23,92.27,6,0.103,Web,3,1,29.86,0
C00109,68,Other,France,36,99.27,10,0.1,Mobile,1,0,8.96,0
C00110,63,M,France,78,130.38,37,0.076,App,1,1,0,1
C00111,68,F,Brazil,52,146.28,7,0.081,Mobile,1,0,23.72,0
C00112,51,F,Australia,76,66.18,14,0.0,Marketplace,1,0,4.85,0
C00113,31,Other,India,57,42.44,14,0.006,App,2,0,11.28,0
C00114,32,F,Japan,54,138.81,1,0.14,Web,1,1,0,0
C00115,26,Other,Australia,20,196.29,8,0.0,Mobile,0,1,26.05,0
C00116,48,Other,United Kingdom,14,82.06,3,0.26,Web,0,0,10.16,1
C00117,70,M,United States,78,62.56,12,0.266,App,2,1,20.72,0
C00118,51,M,Brazil,2,112.93,18,0.22,Web,0,0,21.73,1
C00119,42,F,Mexico,27,101.27,15,0.0,Marketplace,2,1,26.51,0
C00120,35,Other,Brazil,26,123.47,15,0.082,Marketplace,2,0,22.74,0
C00121,47,Other,United Kingdom,74,99.84,12,0.0,Marketplace,0,1,12.19,0
C00122,33,F,Australia,23,32.47,21,0.004,Web,0,0,24.91,0
C00123,33,F,India,21,77.67,21,0.034,Web,3,0,28.38,0
C00124,66,M,United States,14,65.45,1,0.076,Web,0,0,21.86,0
C00125,58,Other,Brazil,60,42.48,19,0.13,Marketplace,0,0,17.93,1
C00126,47,F,United Kingdom,9,140.0,20,0.138,Web,1,1,5.46,0
C00127,56,F,United States,13,92.96,15,0.077,Mobile,0,0,14.95,0
C00128,46,M,Brazil,7,66.86,18,0.0,Web,0,0,3.24,0
C00129,56,F,India,1,117.49,14,0.098,Mobile,2,0,18.67,1
C00130,61,F,Australia,9,90.99,14,0.243,Web,1,0,0,0
C00131,70,M,India,42,63.33,20,0.0,Mobile,0,1,23.65,0
C00132,18,M,United States,52,78.35,11,0.07,Web,1,1,26.23,0
C00133,31,Other,Australia,53,69.95,20,0.117,Mobile,1,0,17.93,0
C00134,39,F,Japan,23,100.62,2,0.0,Marketplace,0,1,39.33,1
C00135,42,F,Australia,66,68.85,8,0.0,Mobile,0,0,38.06,1
C00136,57,F,Japan,11,92.85,18,0.108,Marketplace,1,0,24.59,0
C00137,65,Other,India,43,105.34,16,0.085,App,0,1,12.08,1
C00138,33,M,Mexico,27,61.85,1,0.037,App,0,0,10.2,0
C00139,29,F,United Kingdom,57,76.23,10,0.0,Mobile,1,0,13.6,0
C00140,33,Other,Germany,65,70.55,21,0.141,App,0,0,35.78,0
C00141,36,M,Brazil,74,37.87,15,0.061,Marketplace,3,0,28.8,0
C00142,50,M,Canada,79,74.99,10,0.0,App,2,0,0,0
C00143,56,M,United Kingdom,69,117.33,21,0.076,Marketplace,2,1,14.8,0
C00144,30,M,Australia,20,129.01,12,0.076,App,2,1,3.16,0
C00145,42,M,France,63,48.18,31,0.23,App,2,0,6.39,1
C00146,50,F,Brazil,63,114.93,7,0.023,Web,2,1,22.2,0
C00147,70,F,Japan,47,49.24,4,0.043,Mobile,0,1,0,0
C00148,18,F,Australia,15,33.27,13,0.0,Mobile,2,0,11.97,0
C00149,45,F,Canada,33,70.26,4,0.0,App,0,1,15.98,0
C00150,70,M,United States,19,26.81,11,0.134,Web,1,0,0,0
C00151,22,Other,Canada,54,34.6,10,0.075,Marketplace,0,1,20.51,0
C00152,54,M,Brazil,28,102.32,12,0.106,Web,2,1,36.47,0
C00153,58,F,United States,22,97.99,13,0.101,Web,1,0,6.25,0
C00154,35,Other,France,1,64.55,5,0.0,Marketplace,2,0,20.15,0
C00155,48,M,Japan,44,59.87,8,0.05,Web,0,1,29.64,0
C00156,40,F,Mexico,43,10,12,0.074,App,2,0,9.16,1
C00157,62,M,United States,32,52.1,19,0.031,App,0,1,17.49,0
C00158,20,M,Canada,42,82.66,9,0.028,Marketplace,0,0,19.91,0
C00159,36,Other,Mexico,78,91.58,15,0.0,Marketplace,1,0,32.87,0
C00160,28,Other,Canada,58,129.97,19,0.054,Web,0,0,15.73,0
C00161,45,Other,Canada,4,128.03,25,0.192,Mobile,0,0,14.58,0
C00162,52,M,Australia,82,34.14,11,0.046,Marketplace,0,0,0,0
C00163,69,M,Australia,30,87.87,15,0.109,Web,1,0,17.8,0
C00164,37,F,Mexico,8,67.62,8,0.052,Mobile,0,1,26.14,0
C00165,24,Other,France,51,153.35,12,0.021,Mobile,3,1,25.36,0
C00166,65,F,Brazil,5,49.83,7,0.04,App,1,1,17.63,0
C00167,63,F,Brazil,49,144.5,16,0.153,Marketplace,2,0,16.79,0
C00168,37,M,Canada,21,74.05,20,0.074,App,0,1,33.41,0
C00169,36,F,Japan,25,71.66,3,0.138,Mobile,1,0,29.07,0
C00170,46,Other,Canada,62,40.43,11,0.123,Mobile,1,0,37.54,0
C00171,42,Other,India,55,75.89,8,0.15,Marketplace,1,1,19.69,0
C00172,27,F,Australia,81,95.39,11,0.021,Web,2,1,26.19,0
C00173,67,Other,Mexico,60,118.53,4,0.062,Mobile,3,1,23.96,0
C00174,19,Other,Australia,76,86.27,3,0.034,App,1,0,37.63,0
C00175,54,Other,Mexico,17,95.28,13,0.2,Marketplace,0,0,2.56,0
C00176,22,F,United Kingdom,67,115.47,16,0.0,Mobile,2,0,2.18,0
C00177,18,F,Canada,72,56.25,13,0.182,App,1,0,25.87,0
C00178,41,Other,France,70,99.13,21,0.274,Marketplace,0,0,10.4,0
C00179,26,F,Germany,74,54.73,12,0.31,Mobile,0,0,11.27,1
C00180,37,M,Canada,28,37.28,21,0.051,App,1,0,29.06,0
C00181,34,Other,France,49,72.69,8,0.0,Mobile,2,1,24.21,0
C00182,63,M,Australia,48,77.86,2,0.035,Web,0,0,17.48,0
C00183,56,M,United Kingdom,32,100.96,13,0.158,Mobile,2,0,15.52,0
C00184,35,Other,France,2,98.27,27,0.209,Marketplace,1,0,47.1,1
C00185,24,M,United Kingdom,68,58.45,19,0.067,App,2,0,23.85,0
C00186,69,Other,United Kingdom,69,72.04,1,0.027,Mobile,0,1,27.23,1
C00187,27,Other,Brazil,49,59.84,9,0.18,Mobile,0,1,15.6,0
C00188,46,F,France,46,59.45,14,0.0,Marketplace,1,0,30.51,0
C00189,67,Other,Brazil,41,112.98,3,0.133,Web,1,0,20.1,0
C00190,45,Other,Germany,66,95.36,15,0.062,Web,0,0,18.25,0
C00191,63,Other,Germany,55,67.9,1,0.085,Mobile,3,0,0,0
C00192,22,F,India,47,28.48,16,0.0,Mobile,2,1,14.3,0
C00193,52,Other,Mexico,16,74.98,19,0.08,Web,1,1,20.08,0
C00194,47,F,India,80,114.22,13,0.058,Mobile,2,1,18.49,0
C00195,43,Other,France,46,122.1,12,0.112,Mobile,2,0,0,1
C00196,48,M,Brazil,51,126.16,7,0.134,Mobile,2,1,8.67,0
C00197,26,Other,India,46,84.93,11,0.174,Web,0,0,19.28,0
C00198,28,Other,United Kingdom,26,94.32,28,0.015,App,1,1,17.35,0
C00199,66,M,Mexico,52,10,11,0.124,Web,0,0,38.54,1
C00200,67,M,France,31,68.68,24,0.128,Marketplace,0,0,24.92,0
C00201,23,M,Germany,55,85.28,16,0.02,Marketplace,1,0,43.34,0
C00202,63,F,Australia,14,10,9,0.0,Web,2,0,52.11,0
C00203,35,F,Germany,25,118.3,8,0.054,App,0,0,7.3,0
C00204,45,M,Australia,62,114.16,18,0.112,Mobile,1,1,19.85,0
C00205,38,F,France,7,85.48,12,0.042,Marketplace,0,1,0,0
C00206,41,Other,India,43,98.37,10,0.114,App,2,0,19.3,0
C00207,33,F,Germany,84,77.47,21,0.112,Marketplace,1,0,48.49,0
C00208,24,F,United States,10,108.45,21,0.04,Mobile,0,0,30.9,0
C00209,30,M,Canada,54,59.63,10,0.192,Marketplace,0,1,28.34,0
C00210,44,Other,United States,68,61.58,19,0.04,Mobile,2,0,20.22,0
C00211,65,M,Japan,51,41.86,12,0.049,App,1,1,18.05,0
C00212,31,Other,Mexico,24,50.54,21,0.082,App,1,1,17.12,0
C00213,37,M,United Kingdom,29,77.05,17,0.122,App,1,0,13.54,0
C00214,68,Other,Japan,7,133.29,8,0.033,App,1,0,4.71,0
C00215,38,M,Germany,11,153.57,7,0.076,App,1,1,16.14,0
C00216,29,Other,Australia,33,95.72,20,0.062,App,3,0,15.23,0
C00217,58,F,Brazil,82,66.15,9,0.014,Mobile,1,0,0,0
C00218,64,F,Germany,56,53.8,1,0.207,Marketplace,1,0,22.22,0
C00219,64,M,Germany,24,80.67,10,0.106,Marketplace,1,1,15.03,0
C00220,59,F,Canada,52,64.15,18,0.138,Web,0,0,0,0
C00221,66,Other,India,83,102.09,10,0.088,Web,0,0,18.43,0
C00222,30,F,United States,18,80.36,3,0.093,App,0,1,20.45,0
C00223,58,M,Australia,70,131.76,21,0.134,Mobile,1,1,34.63,1
C00224,40,F,Germany,84,145.04,8,0.256,Web,0,0,1.25,0
C00225,36,Other,India,46,112.99,14,0.0,Mobile,3,0,30.95,0
C00226,61,M,Brazil,55,55.92,18,0.176,App,0,1,38.98,0
C00227,34,M,Canada,10,101.83,1,0.217,Web,1,0,12.9,0
C00228,54,M,India,55,116.5,17,0.064,Marketplace,4,0,38.93,0
C00229,45,M,Mexico,62,72.41,5,0.099,Mobile,0,0,6.75,0
C00230,42,F,India,11,114.6,5,0.039,Web,0,0,9.33,0
C00231,31,F,France,3,59.26,18,0.106,Marketplace,1,1,3.02,0
C00232,27,F,United Kingdom,71,137.23,27,0.049,Marketplace,1,0,40.48,0
C00233,64,F,India,4,72.78,5,0.116,Mobile,1,0,2.06,1
C00234,23,F,Mexico,32,91.82,20,0.128,App,1,0,11.71,0
C00235,48,F,Mexico,53,78.49,4,0.072,Mobile,1,0,31.81,1
C00236,18,Other,France,51,144.97,17,0.0,Mobile,2,1,7.28,0
C00237,45,Other,Mexico,21,82.9,15,0.0,Web,3,0,14.7,0
C00238,70,Other,Australia,60,91.96,1,0.096,Mobile,0,0,24.59,0
C00239,35,Other,United States,14,111.33,16,0.093,App,0,0,14.99,1
C00240,30,M,United States,71,127.82,16,0.256,Web,1,0,23.05,0
C00241,38,M,United Kingdom,12,89.28,11,0.04,Web,2,1,7.57,0
C00242,39,M,Brazil,53,84.96,18,0.023,Web,0,0,17.72,0
C00243,36,Other,United Kingdom,21,107.64,18,0.107,App,0,0,34.29,0
C00244,46,Other,Japan,17,42.81,8,0.144,Web,2,1,7.98,0
C00245,27,F,Brazil,73,56.48,6,0.095,Web,0,1,0,0
C00246,47,F,Brazil,41,58.08,14,0.139,App,2,1,24.53,0
C00247,48,Other,United Kingdom,33,88.12,4,0.249,Marketplace,0,1,41.02,0
C00248,41,Other,United States,66,102.06,21,0.0,Web,0,1,30.95,0
C00249,65,M,Brazil,32,71.06,3,0.101,Web,1,1,24.61,0
C00250,40,M,Australia,60,114.62,3,0.099,Mobile,1,0,12.75,0
C00251,43,M,United Kingdom,43,114.45,14,0.036,Mobile,0,1,27.95,0
C00252,38,M,Germany,73,110.36,21,0.101,Web,0,1,37.25,0
C00253,31,Other,Brazil,3,135.77,8,0.066,Marketplace,2,0,24.04,1
C00254,51,M,United Kingdom,28,106.77,9,0.026,Mobile,1,1,13.38,0
C00255,40,F,Mexico,54,41.94,12,0.124,Mobile,0,1,6.73,0
C00256,22,M,United Kingdom,75,127.56,7,0.033,Marketplace,4,1,15.57,1
C00257,38,Other,Japan,15,98.67,1,0.07,Web,3,1,40.19,0
C00258,20,F,Germany,28,60.92,11,0.028,Web,0,1,0,0
C00259,41,M,Mexico,47,159.18,13,0.0,Marketplace,1,1,10.14,0
C00260,51,M,France,43,53.91,15,0.113,Marketplace,0,0,21.26,0
C00261,58,Other,Australia,37,60.54,1,0.11,Web,0,0,19.93,0
C00262,49,M,Germany,80,69.61,14,0.064,Mobile,0,0,23.45,0
C00263,67,Other,Australia,59,68.64,10,0.202,Web,0,1,44.04,0
C00264,41,F,Australia,29,69.33,6,0.077,Web,0,1,9.36,0
C00265,18,F,Mexico,4,104.34,17,0.14,Marketplace,0,1,2.54,0
C00266,30,M,United Kingdom,79,161.17,3,0.0,Marketplace,1,0,3.05,0
C00267,38,Other,France,67,98.8,16,0.07,Mobile,0,0,3.75,0
C00268,38,Other,Mexico,27,39.94,13,0.09,Web,3,0,19.49,1
C00269,54,F,Mexico,49,141.26,13,0.193,Mobile,1,1,24.77,0
C00270,64,Other,Canada,49,131.9,13,0.0,Web,0,0,45.71,0
C00271,47,M,Canada,77,98.89,14,0.076,Marketplace,2,0,6.64,0
C00272,68,M,Brazil,3,86.2,5,0.128,Mobile,0,1,12.14,0
C00273,29,Other,Japan,39,106.92,12,0.0,Web,0,0,26.15,0
C00274,28,F,Germany,67,106.54,11,0.0,App,1,0,20.75,0
C00275,25,M,Mexico,28,103.79,12,0.186,App,2,0,16.48,0
C00276,47,Other,France,64,124.87,1,0.156,Marketplace,2,0,13.73,0
C00277,24,M,India,75,97.48,3,0.107,Web,2,1,6.08,0
C00278,56,F,Mexico,50,100.45,3,0.124,App,0,0,30.09,0
C00279,55,M,United Kingdom,53,67.32,24,0.0,App,0,1,13.25,0
C00280,33,F,India,10,95.3,13,0.155,Mobile,1,0,26.24,0
C00281,47,Other,Canada,73,106.01,1,0.007,Marketplace,0,0,12.49,0
C00282,61,M,Australia,56,82.22,9,0.144,Web,2,1,38.44,1
C00283,25,F,Brazil,58,99.81,17,0.002,App,2,1,38.85,0
C00284,26,F,Australia,52,91.85,20,0.103,App,0,0,16.13,1
C00285,35,Other,Canada,41,85.82,4,0.015,App,0,0,3.48,0
C00286,57,Other,Australia,14,118.57,14,0.085,Mobile,1,1,18.37,0
C00287,28,F,Canada,12,112.28,26,0.0,Web,3,0,40.11,0
C00288,37,Other,Brazil,10,56.67,11,0.202,Web,1,0,6.67,0
C00289,26,F,Japan,41,122.85,3,0.238,Marketplace,0,1,6.37,0
C00290,60,Other,Canada,63,45.59,18,0.07,App,1,1,9.48,0
C00291,53,M,Germany,32,54.27,2,0.089,Marketplace,1,1,19.81,0
C00292,24,Other,United Kingdom,44,87.1,14,0.183,Web,0,1,13.9,0
C00293,26,F,France,29,114.92,8,0.0,Web,1,0,19.45,0
C00294,27,M,Mexico,60,62.82,20,0.0,Marketplace,1,0,43.38,0
C00295,40,M,India,34,117.57,17,0.046,Web,1,1,3.71,1
C00296,21,Other,Japan,84,84.43,1,0.203,Marketplace,1,0,25.3,0
C00297,51,F,Mexico,56,93.66,13,0.08,Web,1,0,21.06,0
C00298,35,Other,France,29,88.09,20,0.0,Marketplace,0,0,24.77,0
C00299,31,M,France,22,92.2,5,0.055,Mobile,2,0,29.78,0
C00300,28,M,India,41,108.11,10,0.036,Web,0,0,29.5,0
C00301,29,F,Brazil,34,100.73,9,0.081,Web,1,1,33.59,0
C00302,20,F,Canada,3,76.19,1,0.0,App,2,0,5.41,0
C00303,69,M,India,43,30.48,15,0.142,Marketplace,1,1,17.7,0
C00304,25,F,India,35,123.77,7,0.0,Marketplace,4,0,22.32,0
C00305,19,M,Mexico,32,37.29,6,0.031,Marketplace,1,0,28.32,0
C00306,51,M,France,23,166.74,10,0.2,Mobile,2,1,10.27,0
C00307,20,F,United States,75,53.16,11,0.015,Marketplace,0,1,0,0
C00308,61,M,Canada,19,59.75,8,0.09,App,2,0,14.51,0
C00309,18,F,France,59,112.61,13,0.058,Mobile,1,1,29.18,0
C00310,40,F,Germany,37,86.04,13,0.0,Marketplace,2,0,14.03,0
C00311,55,M,France,11,82.73,13,0.135,App,0,1,0,0
C00312,29,M,Mexico,73,127.73,1,0.144,Mobile,1,0,11.81,0
C00313,37,Other,Brazil,40,123.87,16,0.01,App,0,1,22.6,0
C00314,50,F,Australia,46,20.06,4,0.097,Web,0,0,23.91,0
C00315,66,F,Australia,18,62.75,8,0.084,Mobile,2,0,0,0
C00316,43,Other,Canada,1,33.29,1,0.111,App,0,0,15.41,1
C00317,56,F,Germany,13,104.74,3,0.022,Mobile,0,0,16.92,0
C00318,53,F,Brazil,64,32.66,21,0.208,Mobile,0,1,12.65,0
C00319,25,M,United States,9,132.63,12,0.106,Web,1,0,20.13,0
C00320,37,Other,Brazil,52,89.74,7,0.085,Web,1,1,41.18,0
C00321,45,M,France,19,70.33,8,0.129,App,0,0,0,0
C00322,60,M,United Kingdom,13,81.08,19,0.056,Web,0,0,7.61,0
C00323,36,M,Brazil,59,110.33,16,0.062,App,1,1,43.22,0
C00324,18,F,United Kingdom,21,105.19,3,0.203,App,0,1,17.78,0
C00325,59,M,Australia,73,55.49,21,0.095,Marketplace,0,1,22.0,0
C00326,56,Other,Japan,24,78.92,1,0.0,App,1,0,3.53,0
C00327,55,M,India,80,91.3,9,0.208,Mobile,1,0,22.67,0
C00328,67,F,Japan,31,94.46,23,0.181,App,1,1,6.3,0
C00329,25,M,United Kingdom,5,92.78,9,0.089,Mobile,0,0,27.37,0
C00330,30,F,Canada,33,70.76,1,0.087,Web,1,1,37.52,0
C00331,58,Other,Mexico,13,103.36,24,0.139,Marketplace,0,1,0,0
C00332,30,M,Australia,27,55.88,4,0.041,Marketplace,0,0,31.35,0
C00333,22,M,France,73,138.9,17,0.068,Marketplace,1,0,32.19,1
C00334,63,Other,Mexico,46,98.87,24,0.147,App,1,0,17.06,0
C00335,43,F,India,80,135.73,15,0.149,Web,2,1,16.24,0
C00336,26,F,Japan,27,77.64,1,0.042,Web,2,0,9.88,0
C00337,40,F,Brazil,10,129.94,9,0.055,Mobile,0,1,27.0,1
C00338,59,F,Germany,45,75.85,6,0.108,Marketplace,3,0,0,0
C00339,61,F,Japan,3,74.16,11,0.092,App,0,1,13.44,1
C00340,40,Other,Mexico,25,42.85,3,0.229,Web,1,0,23.26,1
C00341,69,Other,Germany,2,103.56,8,0.106,App,1,1,19.52,0
C00342,26,Other,India,78,94.49,3,0.15,Mobile,1,0,14.02,0
C00343,46,M,Australia,39,141.85,7,0.049,Marketplace,2,1,11.72,0
C00344,35,Other,United Kingdom,11,124.68,13,0.122,Web,2,0,16.69,1
C00345,33,F,United States,57,62.36,5,0.151,App,2,0,15.97,0
C00346,57,Other,Australia,50,131.25,1,0.085,Web,1,0,20.4,0
C00347,60,Other,Germany,40,143.25,14,0.242,Web,0,1,41.15,0
C00348,39,Other,Australia,80,49.35,5,0.114,App,1,0,0,0
C00349,52,F,France,60,35.48,17,0.087,App,0,1,0,0
C00350,23,Other,France,32,107.35,12,0.014,Web,0,1,16.55,0
C00351,25,M,Brazil,40,57.01,9,0.075,Mobile,2,1,19.59,1
C00352,44,M,France,8,85.51,9,0.064,App,2,0,8.84,0
C00353,49,M,Japan,17,88.06,16,0.161,App,0,0,20.53,0
C00354,20,M,Mexico,71,91.46,11,0.052,Web,1,1,8.94,1
C00355,56,Other,Australia,31,76.76,14,0.0,Web,1,0,22.44,0
C00356,59,Other,India,55,128.61,14,0.049,Marketplace,0,1,36.74,0
C00357,36,Other,Mexico,80,117.91,13,0.068,App,1,0,24.5,0
C00358,31,F,Japan,49,99.93,12,0.062,Marketplace,1,0,6.38,0
C00359,52,F,India,16,109.67,4,0.166,Mobile,1,1,14.77,0
C00360,69,M,India,47,106.05,12,0.149,Web,3,1,14.82,0
C00361,40,F,Mexico,72,10,11,0.018,Mobile,0,1,19.96,0
C00362,67,F,Australia,53,60.36,7,0.0,Marketplace,0,1,4.83,0
C00363,50,Other,Brazil,19,41.01,7,0.104,Web,0,1,24.06,0
C00364,26,M,United Kingdom,5,86.73,12,0.065,Marketplace,1,1,22.05,0
C00365,62,F,Canada,72,86.57,17,0.003,App,3,1,4.05,0
C00366,46,Other,Japan,53,58.65,4,0.0,Web,0,0,25.94,0
C00367,27,F,Germany,1,57.01,8,0.034,App,0,1,26.54,0
C00368,49,M,India,44,135.21,20,0.109,Mobile,0,1,15.75,0
C00369,27,M,United Kingdom,6,107.31,1,0.135,Web,1,1,3.22,0
C00370,36,F,Germany,36,62.99,7,0.085,App,2,1,42.83,0
C00371,27,F,Brazil,13,102.91,24,0.081,Web,1,0,32.48,0
C00372,41,M,Canada,27,74.12,8,0.271,Web,0,0,23.8,0
C00373,46,F,Canada,56,70.09,12,0.122,App,2,0,39.23,0
C00374,28,M,United States,65,72.56,8,0.156,Marketplace,1,0,0.15,0
C00375,24,Other,Australia,67,57.35,24,0.0,Mobile,0,0,34.01,0
C00376,61,Other,Canada,26,69.56,11,0.126,Mobile,2,1,0.03,0
C00377,18,F,India,56,125.77,15,0.093,Marketplace,2,1,11.72,0
C00378,51,M,Japan,24,40.37,21,0.0,App,2,1,5.4,0
C00379,52,M,Canada,62,78.07,16,0.246,Mobile,0,1,6.57,0
C00380,47,M,Japan,41,103.44,8,0.017,Marketplace,0,1,21.75,0
C00381,61,M,Australia,31,112.19,13,0.114,Marketplace,3,1,37.14,0
C00382,69,F,France,57,107.43,7,0.108,Marketplace,2,0,22.66,0
C00383,44,F,Australia,29,66.03,10,0.11,Web,2,1,28.29,0
C00384,67,F,United Kingdom,43,116.64,22,0.008,Marketplace,0,0,12.29,0
C00385,63,Other,Canada,30,79.81,16,0.022,Marketplace,2,0,21.02,1
C00386,68,Other,Canada,63,81.51,17,0.097,Marketplace,2,0,20.57,1
C00387,59,F,United States,52,124.04,20,0.076,Mobile,1,0,0,0
C00388,24,Other,United States,76,83.45,13,0.029,App,0,1,11.6,0
C00389,35,M,Brazil,59,93.04,17,0.03,App,0,1,10.31,0
C00390,62,Other,Canada,69,95.63,5,0.077,Marketplace,3,1,17.17,0
C00391,32,F,Canada,74,119.8,10,0.089,Mobile,2,0,11.27,0
C00392,31,M,France,63,60.4,9,0.061,Marketplace,0,0,31.08,1
C00393,37,M,Mexico,44,89.82,10,0.04,Marketplace,0,0,17.06,0
C00394,38,M,Canada,84,108.83,12,0.169,Marketplace,0,0,19.63,0
C00395,26,Other,Brazil,2,115.5,21,0.123,Mobile,2,0,30.23,1
C00396,65,Other,India,71,93.94,11,0.085,Mobile,4,1,44.7,0
C00397,27,Other,United Kingdom,38,61.58,11,0.0,Mobile,0,1,9.87,0
C00398,51,F,Germany,61,89.2,19,0.085,Web,1,0,21.62,0
C00399,52,F,Germany,59,78.94,14,0.034,App,1,1,1.71,0
C00400,36,Other,Germany,55,30.17,6,0.045,Web,0,1,9.4,0
C00401,55,M,Japan,20,104.5,14,0.125,App,2,0,22.64,0
C00402,69,Other,United Kingdom,79,40.44,8,0.001,Mobile,2,0,36.27,1
C00403,28,F,Germany,61,106.82,7,0.101,Marketplace,1,1,5.91,0
C00404,42,F,United Kingdom,50,102.86,10,0.008,App,1,0,9.11,0
C00405,63,F,India,19,109.02,4,0.0,Marketplace,1,0,6.01,0
C00406,67,F,United States,45,71.68,11,0.025,Mobile,0,0,2.54,0
C00407,46,M,United States,47,81.34,11,0.067,App,1,1,30.25,1
C00408,59,F,Brazil,62,64.12,1,0.238,Marketplace,1,0,8.79,0
C00409,49,Other,United Kingdom,23,14.62,14,0.081,Mobile,0,0,6.72,0
C00410,23,Other,France,54,120.25,13,0.045,Mobile,0,1,24.58,0
C00411,59,Other,United States,79,82.52,5,0.0,Marketplace,0,0,31.24,0
C00412,44,F,France,8,59.02,23,0.139,Mobile,0,0,17.81,0
C00413,62,Other,Canada,65,43.15,17,0.184,Marketplace,0,1,16.34,0
C00414,23,F,Germany,15,117.17,15,0.055,App,2,0,23.42,0
C00415,47,M,France,11,145.1,1,0.037,Mobile,2,0,17.68,0
C00416,35,M,France,18,27.71,5,0.047,Marketplace,1,0,9.76,0
C00417,34,Other,Australia,12,39.07,12,0.013,Mobile,2,1,26.76,0
C00418,52,Other,Mexico,73,38.17,14,0.201,App,0,1,35.96,0
C00419,23,M,Japan,66,88.96,6,0.06,App,1,0,1.15,0
C00420,41,F,United Kingdom,73,79.72,5,0.154,Marketplace,3,1,21.94,0
C00421,48,Other,Brazil,43,45.83,24,0.109,Marketplace,2,0,10.46,1
C00422,64,M,United States,52,89.65,6,0.09,Mobile,1,1,1.96,0
C00423,66,Other,Mexico,65,113.73,16,0.067,Mobile,2,0,21.72,0
C00424,54,F,India,18,103.11,16,0.132,Marketplace,4,1,10.07,0
C00425,43,F,Germany,22,35.25,14,0.095,Mobile,2,1,25.71,0
C00426,61,M,Germany,72,97.43,15,0.016,Marketplace,0,1,19.57,0
C00427,60,M,France,49,111.8,2,0.083,Marketplace,0,0,6.31,0
C00428,56,Other,United Kingdom,51,159.46,5,0.064,Mobile,0,0,0,0
C00429,41,F,France,47,50.14,23,0.0,Marketplace,0,0,14.01,0
C00430,23,M,United Kingdom,44,69.88,8,0.114,Mobile,1,1,26.41,1
C00431,43,F,India,67,104.76,5,0.186,Mobile,2,0,11.19,0
C00432,54,F,France,65,55.42,6,0.139,Marketplace,0,1,20.65,0
C00433,34,F,United Kingdom,82,132.38,20,0.159,Marketplace,0,1,12.53,0
C00434,52,Other,Brazil,50,19.43,13,0.056,Marketplace,4,1,19.28,0
C00435,21,F,Mexico,60,81.47,15,0.004,App,1,1,17.84,0
C00436,29,F,Mexico,38,116.76,11,0.092,Marketplace,0,0,33.22,0
C00437,33,Other,Germany,23,98.48,13,0.064,Marketplace,0,1,26.63,0
C00438,20,Other,Canada,10,64.89,11,0.1,App,0,0,5.79,0
C00439,58,F,Japan,39,78.42,12,0.139,App,1,0,24.64,1
C00440,37,F,Australia,79,53.11,1,0.066,App,1,1,39.48,0
C00441,65,M,United Kingdom,24,76.23,22,0.0,App,0,1,16.26,1
C00442,35,F,Canada,60,120.43,1,0.0,App,0,0,25.72,0
C00443,64,M,India,78,106.67,3,0.033,Marketplace,0,1,2.85,0
C00444,27,F,Japan,60,91.83,17,0.005,Web,0,1,16.53,0
C00445,58,M,United States,63,55.15,9,0.141,Mobile,4,1,11.34,0
C00446,57,M,Mexico,75,140.02,15,0.145,Marketplace,0,0,34.57,0
C00447,33,M,United Kingdom,49,101.37,10,0.0,Mobile,0,0,11.44,1
C00448,67,M,Canada,52,99.69,5,0.057,App,1,1,43.25,0
C00449,50,F,Australia,69,60.52,10,0.0,App,2,1,24.04,0
C00450,18,Other,Australia,69,51.05,17,0.0,Marketplace,0,0,2.87,0
C00451,44,M,Japan,25,53.18,4,0.152,Mobile,2,0,2.21,0
C00452,28,F,United Kingdom,73,51.73,4,0.0,Marketplace,1,1,17.23,0
C00453,41,M,Germany,31,122.28,26,0.142,Marketplace,0,1,20.76,0
C00454,33,F,Germany,23,88.47,20,0.064,Marketplace,2,1,28.5,0
C00455,64,M,Mexico,9,93.96,12,0.009,Web,0,1,20.97,0
C00456,63,M,United States,78,74.82,6,0.001,App,2,0,20.04,0
C00457,43,Other,United Kingdom,66,59.07,6,0.089,App,0,1,18.79,0
C00458,44,F,Brazil,44,38.97,15,0.126,Marketplace,0,1,19.03,0
C00459,66,F,United Kingdom,32,86.41,5,0.053,App,0,1,13.15,0
C00460,19,M,Brazil,29,41.9,18,0.01,Marketplace,1,0,7.99,0
C00461,61,Other,France,38,120.77,22,0.156,Mobile,2,1,17.6,0
C00462,55,F,India,2,110.15,11,0.208,Mobile,1,1,0,0
C00463,55,M,United States,65,71.68,18,0.141,Web,0,0,27.47,0
C00464,39,M,Brazil,29,55.87,10,0.133,Marketplace,0,0,38.49,0
C00465,54,Other,Canada,82,140.72,4,0.159,App,0,0,17.38,1
C00466,50,F,Brazil,9,51.78,9,0.282,Mobile,2,0,5.76,0
C00467,33,Other,France,33,91.51,7,0.225,App,0,0,13.1,1
C00468,23,F,Germany,25,49.12,10,0.0,Marketplace,1,1,14.44,1
C00469,47,F,Mexico,13,25.6,9,0.032,Mobile,2,0,5.16,0
C00470,56,F,Japan,63,90.14,11,0.091,Marketplace,0,1,29.12,0
C00471,18,Other,Germany,33,86.36,2,0.03,App,1,1,0,0
C00472,35,M,Mexico,72,77.33,2,0.078,Marketplace,2,0,31.0,0
C00473,49,F,Canada,21,110.6,22,0.063,Mobile,0,1,7.97,0
C00474,31,F,Japan,40,129.6,5,0.079,Mobile,0,1,16.94,0
C00475,38,Other,Australia,21,97.55,18,0.102,App,1,0,11.38,0
C00476,32,Other,India,34,122.51,1,0.108,Marketplace,1,1,24.34,0
C00477,37,M,France,55,30.27,7,0.27,Web,1,0,28.99,0
C00478,70,M,India,26,78.61,14,0.203,Mobile,0,1,29.15,0
C00479,69,M,United States,28,57.13,6,0.075,Marketplace,1,0,11.74,0
C00480,62,M,Mexico,63,120.59,12,0.316,App,0,0,15.84,0
C00481,46,Other,Germany,37,99.4,14,0.08,Web,0,1,28.99,0
C00482,46,F,Canada,32,21.39,7,0.169,App,0,1,5.04,0
C00483,41,M,Japan,58,84.58,7,0.055,Web,2,1,9.0,0
C00484,26,Other,India,16,130.66,7,0.014,Web,2,0,0,0
C00485,54,F,Japan,56,173.7,11,0.13,Web,0,1,15.8,1
C00486,53,F,Canada,15,115.88,1,0.052,Marketplace,1,1,13.77,0
C00487,70,Other,Australia,36,13.26,15,0.126,Web,1,1,33.54,0
C00488,43,M,Germany,74,107.4,9,0.188,App,1,1,19.0,0
C00489,52,F,United States,59,71.68,8,0.159,Web,0,0,20.55,0
C00490,67,F,France,17,103.38,1,0.03,Mobile,0,0,27.23,0
C00491,45,Other,Germany,35,93.39,27,0.083,Marketplace,1,1,38.88,1
C00492,21,F,Mexico,58,144.46,7,0.1,Web,1,0,2.11,1
C00493,28,Other,India,27,114.51,17,0.0,Marketplace,0,1,10.9,0
C00494,34,F,India,66,97.23,17,0.137,App,3,1,18.99,0
C00495,37,F,France,9,22.82,17,0.0,App,5,0,5.19,0
C00496,20,F,United States,19,33.28,14,0.039,Mobile,2,0,18.85,0
C00497,65,F,United Kingdom,38,59.91,17,0.107,Web,1,0,16.9,0
C00498,49,F,India,27,21.26,8,0.185,Web,2,1,12.9,1
C00499,48,F,Australia,5,83.15,8,0.0,Web,2,0,19.14,0
C00500,25,M,France,61,90.09,4,0.098,Mobile,2,0,10.28,0
C00501,38,F,Germany,70,52.95,19,0.061,Web,0,0,28.15,0
C00502,65,Other,France,13,114.92,10,0.016,App,0,1,11.98,0
C00503,63,Other,United States,60,64.19,4,0.0,Marketplace,0,0,12.53,1
C00504,58,M,United States,7,114.93,17,0.0,Marketplace,2,0,19.53,0
C00505,48,Other,France,45,111.93,25,0.16,App,1,0,9.03,0
C00506,39,M,Mexico,24,92.92,11,0.225,App,0,0,19.2,0
C00507,22,F,India,47,77.89,12,0.046,App,1,1,20.93,0
C00508,46,Other,Germany,56,69.48,1,0.018,Mobile,4,0,11.27,0
C00509,61,Other,India,29,88.78,7,0.077,Mobile,0,0,4.38,1
C00510,62,Other,United Kingdom,68,68.43,14,0.121,Marketplace,0,0,2.57,0
C00511,30,M,United States,36,172.99,17,0.015,Web,1,1,28.59,0
C00512,34,M,United Kingdom,72,60.65,9,0.032,Mobile,1,0,1.98,1
C00513,48,M,Canada,21,90.81,1,0.137,Mobile,1,0,10.74,0
C00514,35,F,France,18,57.31,14,0.054,App,1,0,0,0
C00515,18,Other,Japan,82,107.38,16,0.17,Marketplace,2,1,19.44,0
C00516,27,M,Canada,10,122.35,20,0.0,Marketplace,0,0,0,0
C00517,45,Other,Japan,75,111.99,21,0.141,App,0,1,18.89,0
C00518,33,Other,France,64,101.12,21,0.0,App,0,1,26.08,0
C00519,58,M,Germany,66,60.33,21,0.079,Marketplace,2,0,35.49,0
C00520,60,Other,Australia,35,122.62,21,0.165,Web,0,1,3.13,0
C00521,56,Other,Japan,14,32.57,5,0.18,Marketplace,0,0,26.67,0
C00522,70,Other,United States,51,79.64,11,0.058,Marketplace,0,1,7.68,0
C00523,70,M,United States,81,83.69,4,0.127,Marketplace,0,0,46.66,1
C00524,34,M,Brazil,46,97.78,14,0.013,App,2,1,16.5,0
C00525,67,M,Canada,21,100.17,23,0.013,App,0,1,18.44,0
C00526,40,Other,Canada,79,24.02,1,0.046,Marketplace,2,1,15.77,0
C00527,38,F,United Kingdom,80,62.54,12,0.034,App,1,1,5.16,0
C00528,19,Other,United Kingdom,15,136.13,14,0.144,Marketplace,0,1,17.34,0
C00529,57,M,Australia,10,89.84,14,0.0,Mobile,0,1,22.03,0
C00530,42,F,Brazil,14,69.27,18,0.0,Web,2,0,2.95,0
C00531,33,F,United Kingdom,71,146.68,30,0.136,Web,1,0,18.25,0
C00532,36,Other,Japan,32,110.03,25,0.045,Marketplace,0,0,19.35,0
C00533,58,F,India,74,159.48,1,0.077,App,0,1,21.09,0
C00534,22,Other,Brazil,18,59.15,6,0.215,App,0,0,0,1
C00535,24,Other,Brazil,78,89.5,18,0.015,Marketplace,0,0,2.69,1
C00536,55,M,United Kingdom,56,94.9,33,0.185,Web,2,0,19.81,0
C00537,61,F,Australia,46,136.11,16,0.0,Mobile,0,0,14.84,0
C00538,60,Other,Japan,58,45.39,8,0.195,App,1,1,26.22,0
C00539,18,Other,Germany,79,140.44,15,0.0,Mobile,0,0,6.87,0
C00540,56,M,Japan,23,56.8,12,0.063,Marketplace,3,1,9.62,0
C00541,69,M,Canada,53,55.84,17,0.109,Mobile,0,1,6.46,0
C00542,34,Other,France,52,128.32,13,0.151,Web,1,1,14.05,0
C00543,56,Other,Japan,8,97.14,11,0.046,App,1,0,29.82,1
C00544,22,Other,United Kingdom,23,86.01,15,0.183,App,1,1,25.66,0
C00545,54,Other,Canada,23,127.53,5,0.116,App,0,0,23.12,0
C00546,36,F,Japan,14,50.08,9,0.121,App,0,1,15.01,0
C00547,47,M,Germany,71,115.12,1,0.192,Marketplace,0,0,11.97,0
C00548,20,F,India,46,113.38,30,0.162,Marketplace,0,0,20.84,0
C00549,66,F,Brazil,70,67.26,7,0.17,Web,2,1,29.88,0
C00550,49,Other,United States,14,72.34,8,0.163,Web,0,1,27.06,0
C00551,30,M,Australia,12,68.64,20,0.161,Mobile,0,1,17.0,1
C00552,40,Other,United States,69,41.83,24,0.128,Mobile,2,0,3.99,0
C00553,24,F,Australia,59,155.28,7,0.073,Mobile,0,0,2.39,0
C00554,62,M,Germany,15,86.35,12,0.076,App,1,1,39.96,0
C00555,43,M,Germany,6,111.36,19,0.035,App,0,1,10.0,0
C00556,44,F,Australia,2,35.1,5,0.122,Web,0,1,43.41,0
C00557,62,M,United Kingdom,58,121.92,19,0.116,App,1,0,29.35,0
C00558,61,F,Canada,51,61.64,10,0.144,Marketplace,1,0,10.64,0
C00559,30,F,Germany,17,75.63,11,0.041,Marketplace,1,0,21.82,0
C00560,57,Other,India,48,65.63,8,0.097,Web,1,0,16.01,0
C00561,54,M,United Kingdom,2,115.33,9,0.252,App,0,1,0,1
C00562,50,F,Germany,9,102.81,13,0.191,App,0,0,34.45,0
C00563,53,Other,India,21,141.08,26,0.194,App,1,1,15.76,0
C00564,20,Other,Canada,19,84.26,20,0.01,Mobile,1,0,18.04,0
C00565,66,Other,Australia,81,127.89,13,0.228,Marketplace,1,1,33.94,0
C00566,65,F,Brazil,31,65.64,8,0.0,App,0,1,47.49,0
C00567,32,M,United Kingdom,19,71.98,23,0.157,Web,1,1,26.48,1
C00568,47,M,Australia,53,62.34,9,0.0,Marketplace,1,1,30.05,0
C00569,47,Other,Germany,58,52.42,14,0.033,Mobile,2,1,27.88,0
C00570,64,F,Australia,80,116.92,6,0.148,Mobile,2,1,1.82,0
C00571,48,F,Australia,14,47.98,9,0.245,Marketplace,0,1,25.97,0
C00572,29,Other,Germany,57,92.7,16,0.088,Mobile,0,0,14.97,0
C00573,44,Other,United States,41,15.93,14,0.206,Web,3,1,2.33,0
C00574,68,M,Germany,9,47.02,12,0.085,Mobile,1,0,14.99,0
C00575,31,F,Mexico,40,102.93,6,0.169,Mobile,0,1,0,0
C00576,27,M,Germany,21,93.51,4,0.13,Web,0,1,13.23,0
C00577,60,Other,India,19,98.31,10,0.24,Marketplace,1,1,12.67,1
C00578,55,F,India,74,99.71,18,0.234,Web,4,1,12.61,0
C00579,29,F,India,18,47.55,4,0.114,Marketplace,1,0,28.25,0
C00580,19,Other,United States,80,77.64,17,0.027,Marketplace,2,0,38.46,0
C00581,38,Other,Brazil,22,109.49,13,0.05,Web,2,1,12.99,0
C00582,39,F,Brazil,71,108.82,25,0.112,Marketplace,1,0,17.22,0
C00583,42,Other,France,5,75.64,6,0.026,Mobile,2,1,8.83,0
C00584,49,F,United States,37,102.64,10,0.256,Mobile,1,1,15.53,0
C00585,69,F,India,14,85.97,16,0.176,Web,1,0,22.32,1
C00586,27,F,United Kingdom,75,16.27,2,0.0,Mobile,0,0,23.95,0
C00587,65,Other,Mexico,11,106.94,22,0.151,Mobile,1,0,22.72,0
C00588,48,Other,United States,26,138.88,9,0.0,Web,0,0,5.0,0
C00589,29,M,Germany,26,79.02,26,0.034,Mobile,0,0,16.61,0
C00590,43,M,Germany,82,71.71,15,0.022,Web,0,0,26.99,0
C00591,59,Other,Brazil,33,80.93,16,0.166,Web,1,0,1.85,1
C00592,65,Other,India,12,40.84,6,0.205,Marketplace,2,0,8.49,0
C00593,40,M,Brazil,62,64.69,16,0.0,Marketplace,1,0,19.01,0
C00594,38,F,United Kingdom,52,106.2,1,0.119,App,0,1,19.97,0
C00595,42,F,Australia,81,104.73,17,0.0,Marketplace,2,0,34.89,0
C00596,27,M,Japan,35,153.75,11,0.094,Marketplace,0,1,24.4,0
C00597,45,M,United Kingdom,56,104.53,10,0.108,Mobile,1,0,27.68,0
C00598,51,M,Japan,64,97.62,14,0.002,Marketplace,2,0,18.84,0
C00599,57,M,India,16,50.08,6,0.038,Marketplace,2,0,0,1
C00600,33,Other,India,27,152.88,22,0.038,App,3,1,4.14,0
C00601,62,F,Brazil,25,159.09,1,0.101,Marketplace,0,0,13.72,0
C00602,19,M,Japan,41,38.66,8,0.078,App,1,0,1.22,0
C00603,22,Other,United States,58,67.37,14,0.096,App,0,1,20.41,0
C00604,40,Other,Germany,80,75.02,8,0.085,Mobile,1,1,28.43,0
C00605,56,F,France,78,126.4,19,0.075,App,0,1,18.13,0
C00606,31,F,Brazil,19,118.99,11,0.099,Marketplace,0,1,8.13,0
C00607,53,Other,United Kingdom,21,35.96,5,0.13,App,1,1,23.28,0
C00608,19,Other,Australia,16,130.25,17,0.103,App,0,1,18.95,0
C00609,43,F,Brazil,23,54.18,23,0.144,Web,1,0,21.02,0
C00610,22,M,Canada,18,77.06,16,0.159,Marketplace,2,1,14.77,0
C00611,39,F,Brazil,9,41.12,12,0.0,Mobile,1,1,12.84,0
C00612,25,F,Germany,34,43.53,12,0.107,Mobile,1,0,15.57,0
C00613,27,Other,Australia,18,54.09,11,0.084,Web,0,0,8.1,1
C00614,20,M,Mexico,26,83.14,7,0.051,Mobile,1,0,17.29,0
C00615,43,F,Japan,28,87.45,12,0.002,App,0,1,4.54,0
C00616,39,Other,Mexico,26,70.51,9,0.135,Marketplace,2,0,24.7,0
C00617,31,Other,Germany,24,111.32,16,0.226,App,3,0,22.81,0
C00618,41,F,France,60,128.27,21,0.118,Web,0,1,7.84,0
C00619,31,M,Brazil,24,100.21,8,0.155,App,0,1,6.47,0
C00620,68,M,United States,32,94.11,14,0.098,App,1,0,18.01,0
C00621,46,M,Australia,49,73.12,1,0.143,Web,1,0,37.42,0
C00622,37,Other,United States,5,74.54,16,0.04,Marketplace,1,0,45.6,1
C00623,29,Other,United Kingdom,2,127.73,19,0.0,Mobile,1,1,15.65,0
C00624,22,F,Japan,51,139.1,11,0.062,Web,0,1,18.37,0
C00625,60,F,Germany,9,154.25,8,0.048,Marketplace,0,0,18.86,0
C00626,69,Other,United States,1,77.63,14,0.079,App,0,1,8.85,0
C00627,41,Other,India,12,53.47,7,0.033,Marketplace,1,1,15.77,0
C00628,29,M,India,75,41.82,5,0.132,Marketplace,0,1,26.17,0
C00629,23,F,India,78,84.62,15,0.183,Mobile,0,1,18.56,0
C00630,56,F,Australia,44,15.39,1,0.042,Web,2,0,36.1,0
C00631,70,Other,Germany,54,163.2,1,0.0,App,0,0,17.55,0
C00632,49,M,Australia,15,129.24,5,0.215,Web,0,1,38.16,0
C00633,32,M,United Kingdom,82,72.41,8,0.034,Web,0,0,42.8,0
C00634,62,F,United States,40,27.55,12,0.162,Web,1,0,4.65,0
C00635,19,Other,Australia,38,101.25,15,0.085,Web,0,1,12.23,0
C00636,62,Other,United States,77,90.17,9,0.155,Marketplace,1,1,30.26,0
C00637,20,Other,Japan,64,81.28,13,0.031,App,0,1,18.38,0
C00638,61,Other,Canada,63,25.02,18,0.077,Web,3,0,13.31,0
C00639,33,M,Germany,81,119.04,8,0.08,Marketplace,0,1,28.09,0
C00640,24,F,Brazil,2,91.45,8,0.0,App,1,1,15.44,1
C00641,62,M,United Kingdom,73,24.21,22,0.066,Web,0,0,13.54,0
C00642,36,F,United States,77,46.45,10,0.114,Marketplace,2,0,36.9,0
C00643,67,Other,Brazil,84,134.9,5,0.129,Web,1,1,28.55,0
C00644,24,Other,Australia,22,50.36,19,0.181,Web,2,1,12.92,0
C00645,63,F,Canada,68,111.85,7,0.0,App,0,0,15.23,0
C00646,60,F,Canada,46,128.95,3,0.095,Mobile,1,0,45.49,1
C00647,60,F,Mexico,26,10,19,0.036,Web,1,0,35.24,0
C00648,32,F,Canada,26,75.69,14,0.114,App,1,0,16.28,0
C00649,55,M,Germany,68,157.02,12,0.197,Web,3,1,20.45,0
C00650,29,F,Canada,50,63.53,2,0.043,Marketplace,1,0,14.43,0
C00651,50,M,United States,10,60.88,9,0.083,App,0,1,38.81,0
C00652,67,F,Brazil,51,59.91,22,0.101,Marketplace,2,0,12.97,0
C00653,59,Other,United Kingdom,82,111.03,19,0.048,Web,3,1,7.9,0
C00654,41,Other,India,36,63.65,5,0.136,App,2,1,0,0
C00655,48,M,Mexico,66,26.26,12,0.137,Web,0,0,12.86,0
C00656,34,M,Germany,81,87.93,11,0.143,Mobile,0,1,31.98,0
C00657,40,F,France,40,96.3,17,0.051,Mobile,0,1,14.25,0
C00658,61,Other,France,47,65.21,9,0.0,Mobile,1,0,30.83,1
C00659,31,Other,Brazil,77,101.37,1,0.127,App,2,1,9.54,0
C00660,27,F,France,33,109.67,7,0.042,Marketplace,3,1,13.41,1
C00661,47,F,Brazil,71,60.6,9,0.031,Marketplace,0,0,34.77,0
C00662,42,F,France,41,79.31,15,0.114,Web,0,0,34.51,1
C00663,53,F,India,69,77.93,24,0.189,App,0,0,35.08,1
C00664,36,F,United States,56,97.77,12,0.136,App,0,1,5.86,0
C00665,66,M,Brazil,29,128.0,28,0.006,Web,2,0,23.03,0
C00666,24,M,Canada,32,80.68,14,0.033,Web,0,0,19.82,0
C00667,33,M,United Kingdom,40,21.17,17,0.131,Marketplace,0,0,22.01,0
C00668,57,Other,India,49,93.54,23,0.1,App,1,1,35.24,0
C00669,19,M,United Kingdom,64,50.36,11,0.029,Marketplace,1,0,13.31,0
C00670,31,M,United States,28,39.57,9,0.155,Mobile,1,0,27.95,0
C00671,59,M,Canada,9,25.0,15,0.024,Marketplace,2,1,30.74,0
C00672,34,Other,Mexico,45,89.81,12,0.156,Mobile,2,0,17.75,0
C00673,20,Other,France,49,45.98,20,0.23,Marketplace,2,0,6.61,0
C00674,27,Other,Canada,38,55.54,16,0.147,Mobile,1,1,12.42,0
C00675,23,F,Germany,80,133.32,15,0.122,Web,0,0,14.78,0
C00676,69,M,Mexico,26,123.32,9,0.061,App,1,0,8.6,0
C00677,64,Other,United States,23,131.59,25,0.08,Marketplace,1,0,19.48,1
C00678,26,M,Brazil,22,43.22,15,0.094,Mobile,2,1,35.63,0
C00679,47,M,Mexico,23,71.31,1,0.137,Marketplace,2,0,28.66,1
C00680,61,Other,Australia,51,98.94,1,0.04,App,2,1,9.35,0
C00681,51,Other,Australia,53,119.49,23,0.095,Marketplace,1,0,8.7,0
C00682,42,F,Brazil,39,65.34,7,0.13,Mobile,1,1,20.05,0
C00683,59,F,Brazil,39,69.57,14,0.22,Mobile,0,1,4.6,0
C00684,44,M,Australia,7,88.26,12,0.125,Marketplace,0,1,13.73,1
C00685,22,Other,United Kingdom,77,67.3,24,0.058,Web,1,1,27.81,0
C00686,24,M,India,19,97.97,11,0.0,Marketplace,2,1,23.26,1
C00687,40,Other,Mexico,80,69.49,17,0.114,Web,0,1,18.68,0
C00688,27,F,Canada,49,47.75,6,0.191,Marketplace,1,0,1.07,1
C00689,35,F,Australia,51,86.95,14,0.123,App,1,1,6.69,0
C00690,31,F,Brazil,1,69.65,16,0.077,Web,3,0,22.51,1
C00691,23,Other,India,59,97.12,6,0.069,App,0,1,26.91,0
C00692,51,F,Australia,20,77.56,5,0.0,Marketplace,0,0,8.28,0
C00693,35,F,United Kingdom,43,112.51,9,0.323,Mobile,0,0,27.69,0
C00694,68,M,Australia,29,76.23,15,0.039,App,3,1,2.63,0
C00695,37,M,United Kingdom,11,87.3,21,0.192,Marketplace,0,1,21.67,0
C00696,48,M,Japan,4,79.64,8,0.147,Mobile,0,1,30.95,0
C00697,43,F,Canada,56,101.82,7,0.043,Web,0,0,4.86,0
C00698,68,F,Brazil,2,57.88,16,0.148,Mobile,3,0,1.05,0
C00699,20,M,India,18,67.65,25,0.003,Web,0,1,15.42,0
C00700,20,M,Canada,75,72.06,13,0.091,App,4,0,18.04,0
C00701,55,Other,Mexico,38,52.99,6,0.112,Web,0,0,0,0
C00702,49,M,India,78,101.05,12,0.144,App,0,0,24.78,0
C00703,36,Other,United Kingdom,84,75.25,5,0.101,Web,0,1,13.86,0
C00704,23,M,India,8,64.19,9,0.059,App,2,0,26.2,0
C00705,55,F,India,31,77.67,4,0.163,Mobile,2,1,25.61,0
C00706,43,M,Brazil,25,75.8,10,0.101,Marketplace,2,1,0,0
C00707,68,F,United States,42,23.82,16,0.076,Mobile,0,1,37.33,0
C00708,34,Other,Brazil,54,69.79,23,0.17,App,1,0,21.03,0
C00709,30,Other,Germany,24,32.74,17,0.0,Mobile,0,1,15.06,0
C00710,27,Other,Japan,43,99.05,6,0.0,Mobile,1,1,8.42,0
C00711,45,Other,Canada,6,31.44,15,0.0,Marketplace,0,1,28.37,0
C00712,44,M,United States,60,93.69,20,0.024,Mobile,1,0,28.37,0
C00713,60,F,France,75,84.28,17,0.057,Marketplace,1,1,18.06,1
C00714,19,Other,Germany,65,87.34,19,0.0,App,1,0,0,0
C00715,67,F,India,15,134.0,1,0.0,Mobile,2,0,10.3,0
C00716,48,M,United Kingdom,3,78.46,25,0.188,Marketplace,1,1,10.75,0
C00717,31,F,Germany,21,46.62,21,0.012,Web,5,0,24.19,1
C00718,67,M,Japan,35,94.38,15,0.071,App,0,1,19.84,0
C00719,68,F,Canada,11,75.48,14,0.145,Mobile,3,1,13.92,0
C00720,27,M,Australia,44,10,18,0.204,Web,0,1,15.03,1
C00721,69,Other,Germany,66,90.75,4,0.135,Marketplace,2,1,20.93,1
C00722,53,Other,India,59,27.54,4,0.155,Web,1,1,21.34,0
C00723,60,Other,Canada,48,63.44,6,0.19,Mobile,0,1,37.86,0
C00724,48,Other,India,64,119.37,3,0.047,Mobile,1,0,11.96,0
C00725,37,M,United Kingdom,69,97.78,6,0.097,App,0,1,0,0
C00726,39,F,France,53,10,30,0.055,App,0,1,28.64,0
C00727,29,M,Canada,12,140.28,1,0.0,Mobile,0,1,42.62,0
C00728,54,Other,Japan,28,147.02,9,0.064,App,2,0,21.15,0
C00729,53,F,Canada,39,113.73,16,0.143,Web,0,1,27.01,0
C00730,55,Other,Mexico,1,102.38,18,0.137,Mobile,0,0,20.18,1
C00731,23,Other,Mexico,43,109.83,20,0.0,Mobile,0,0,0,1
C00732,44,F,United States,1,95.48,6,0.0,Marketplace,0,0,9.0,0
C00733,31,M,Germany,79,73.58,8,0.008,Web,1,1,30.19,0
C00734,63,Other,United Kingdom,54,79.08,11,0.189,Mobile,1,0,18.05,0
C00735,70,Other,Australia,83,10,3,0.081,Mobile,3,0,37.83,0
C00736,31,M,Germany,36,84.33,20,0.054,Marketplace,0,0,2.44,0
C00737,27,Other,Germany,19,75.13,1,0.128,Mobile,0,1,7.5,0
C00738,31,M,Australia,50,114.23,3,0.209,Web,2,1,4.24,0
C00739,34,M,United Kingdom,1,66.21,13,0.11,App,0,1,9.99,1
C00740,35,Other,Germany,23,81.41,10,0.086,Marketplace,1,1,3.63,0
C00741,30,M,Australia,36,133.0,1,0.069,Mobile,2,1,19.84,0
C00742,53,M,Mexico,66,81.33,9,0.045,App,1,1,29.48,0
C00743,65,Other,Japan,52,129.93,13,0.125,Mobile,0,1,17.88,0
C00744,58,F,Brazil,64,111.19,12,0.079,Mobile,2,1,15.25,0
C00745,29,Other,Japan,14,78.91,1,0.0,App,2,1,3.52,0
C00746,24,F,Mexico,49,59.6,7,0.089,App,1,1,21.67,0
C00747,49,M,Mexico,30,44.18,15,0.066,Web,0,0,20.82,0
C00748,24,F,Japan,71,154.76,8,0.096,Marketplace,1,0,9.6,1
C00749,25,Other,Mexico,36,39.23,1,0.108,Mobile,0,0,13.94,0
C00750,20,M,Germany,61,74.98,8,0.0,Marketplace,0,0,2.54,0
C00751,39,Other,United Kingdom,13,124.28,16,0.137,Web,0,1,8.73,0
C00752,65,F,United Kingdom,13,10,21,0.067,Mobile,0,0,11.19,0
C00753,70,M,France,27,94.45,17,0.161,Marketplace,1,0,36.93,0
C00754,27,Other,Australia,9,96.07,14,0.039,Web,0,0,23.1,0
C00755,23,Other,Mexico,21,89.81,15,0.125,App,1,0,16.53,0
C00756,46,Other,Brazil,21,127.2,16,0.0,App,0,1,10.92,0
C00757,38,F,Japan,34,22.25,2,0.125,Web,0,0,8.34,0
C00758,68,M,Japan,17,103.95,16,0.046,Mobile,0,0,0,0
C00759,21,F,Mexico,67,115.52,24,0.098,Web,0,0,1.62,0
C00760,39,M,Germany,68,82.47,6,0.065,Mobile,0,0,23.65,1
C00761,69,M,Brazil,29,80.21,9,0.132,Mobile,2,1,15.26,0
C00762,61,Other,United States,36,41.7,18,0.077,Web,1,0,18.38,0
C00763,23,Other,India,42,114.36,21,0.059,Web,0,0,0,0
C00764,68,F,Mexico,81,92.63,11,0.0,App,0,1,0,0
C00765,66,F,United Kingdom,38,84.0,14,0.122,App,0,1,14.62,0
C00766,50,Other,United States,80,126.38,13,0.013,Web,0,1,20.77,1
C00767,60,F,Australia,34,110.69,7,0.057,Mobile,0,1,5.99,0
C00768,69,Other,Australia,35,78.31,1,0.062,Web,1,1,20.78,0
C00769,53,Other,Mexico,6,76.83,10,0.101,Mobile,2,1,2.45,1
C00770,26,F,Mexico,9,43.43,23,0.134,Web,3,1,7.52,0
C00771,34,M,Germany,81,75.61,1,0.018,Web,0,1,0,0
C00772,43,Other,Japan,35,85.79,12,0.199,App,2,1,27.42,0
C00773,44,F,France,39,99.18,16,0.0,App,2,1,13.98,0
C00774,23,M,France,60,18.44,21,0.0,Web,0,1,50.91,0
C00775,29,F,Canada,52,98.45,1,0.012,Marketplace,2,0,9.75,0
C00776,42,Other,Canada,40,170.2,7,0.114,App,0,0,33.2,0
C00777,33,Other,India,72,71.26,3,0.111,Web,0,0,0,1
C00778,36,M,Germany,82,99.14,24,0.135,App,1,0,44.67,0
C00779,55,M,Canada,41,98.29,9,0.06,Web,0,0,33.97,0
C00780,56,M,Germany,26,114.58,12,0.115,Web,0,0,5.4,0
C00781,44,M,Mexico,5,70.41,1,0.176,Marketplace,0,1,18.56,0
C00782,67,F,Japan,71,53.87,10,0.0,Web,3,0,19.39,0
C00783,39,M,France,54,98.96,14,0.0,App,0,0,13.92,0
C00784,70,Other,India,77,55.79,20,0.168,Mobile,1,0,18.48,0
C00785,21,Other,Brazil,10,79.96,14,0.15,App,2,1,25.73,0
C00786,19,Other,Japan,76,103.39,27,0.289,Mobile,2,0,38.73,0
C00787,22,Other,Mexico,31,54.84,13,0.049,Marketplace,1,0,10.04,0
C00788,65,M,Australia,6,19.96,16,0.0,Web,1,1,7.28,0
C00789,51,F,India,13,98.67,14,0.083,Marketplace,1,0,40.96,1
C00790,43,Other,Germany,78,60.34,24,0.165,Web,1,1,19.18,0
C00791,29,M,Australia,28,84.19,18,0.16,Mobile,1,0,12.7,0
C00792,57,Other,United States,27,91.55,25,0.065,Marketplace,0,0,47.84,0
C00793,67,Other,Canada,25,70.84,16,0.195,Web,0,0,11.08,0
C00794,24,Other,Canada,48,98.27,1,0.117,App,1,1,15.69,0
C00795,36,Other,Australia,74,87.59,13,0.328,Marketplace,1,0,4.73,0
C00796,67,Other,France,38,112.08,16,0.0,Mobile,1,1,0,0
C00797,52,Other,Japan,47,41.24,7,0.039,Mobile,1,0,12.31,0
C00798,29,M,Australia,25,142.88,22,0.176,Web,1,0,10.02,0
C00799,44,Other,Brazil,80,51.96,1,0.001,Mobile,1,0,5.97,0
C00800,65,Other,Japan,28,94.68,5,0.258,App,1,0,3.65,0
C00801,59,M,Australia,32,119.08,6,0.023,Web,0,0,35.37,0
C00802,27,M,Mexico,73,10,7,0.033,Mobile,0,0,10.89,0
C00803,45,M,Canada,35,121.85,16,0.014,Mobile,0,0,25.43,0
C00804,67,F,France,25,73.69,14,0.015,Marketplace,0,0,41.28,0
C00805,52,F,United States,20,88.69,24,0.044,Web,2,0,31.86,0
C00806,60,M,Mexico,66,32.63,5,0.112,Mobile,1,0,15.15,1
C00807,22,Other,France,11,53.46,1,0.0,Web,4,0,22.24,0
C00808,36,Other,Germany,81,88.84,1,0.0,Marketplace,0,0,29.88,0
C00809,59,M,Australia,53,77.15,10,0.003,Mobile,2,1,31.95,0
C00810,21,M,United States,58,89.32,20,0.0,Web,1,0,5.68,0
C00811,65,M,United States,63,74.76,1,0.24,Marketplace,0,0,0,1
C00812,51,M,India,69,52.53,10,0.291,Mobile,1,0,30.51,0
C00813,30,F,Canada,45,115.61,8,0.0,Web,1,1,41.3,0
C00814,56,M,Mexico,21,89.55,15,0.08,App,1,1,9.15,0
C00815,42,Other,India,16,98.95,19,0.158,Web,0,1,17.65,0
C00816,27,F,Brazil,51,96.07,11,0.103,Mobile,1,1,6.38,0
C00817,61,F,Canada,33,102.38,5,0.0,Web,0,1,17.19,0
C00818,28,F,France,82,43.88,18,0.131,Marketplace,1,0,4.57,1
C00819,28,Other,Germany,74,30.37,8,0.0,Web,1,1,19.28,0
C00820,50,F,Brazil,23,121.69,1,0.008,Marketplace,0,1,23.94,0
C00821,43,F,India,16,32.97,15,0.0,Web,2,0,29.75,0
C00822,42,F,Canada,70,60.2,18,0.172,Marketplace,1,1,25.51,0
C00823,61,Other,United Kingdom,47,116.48,12,0.268,Web,1,1,12.34,1
C00824,54,Other,France,18,96.24,8,0.151,Mobile,0,0,22.33,0
C00825,45,F,Japan,80,62.62,8,0.066,Mobile,1,0,36.78,0
C00826,60,M,Japan,70,141.08,1,0.132,App,1,1,9.08,0
C00827,65,F,Brazil,79,35.82,11,0.041,Web,0,1,7.97,0
C00828,40,Other,Brazil,23,55.35,12,0.18,App,0,0,22.42,1
C00829,42,Other,Japan,10,97.34,11,0.0,Marketplace,0,1,7.26,0
C00830,50,Other,United States,64,58.93,11,0.035,App,1,0,8.9,0
C00831,61,M,Australia,68,135.27,12,0.021,Marketplace,0,1,27.01,1
C00832,64,Other,United Kingdom,80,93.88,8,0.157,App,3,0,22.28,0
C00833,41,F,Germany,35,84.38,28,0.0,Mobile,2,0,32.28,0
C00834,61,F,Mexico,69,135.57,11,0.0,Web,1,0,0,0
C00835,39,M,Australia,52,92.3,14,0.05,Mobile,0,1,13.2,0
C00836,54,Other,Canada,22,10,4,0.141,Marketplace,1,1,11.74,0
C00837,41,Other,France,47,134.77,13,0.0,App,0,1,28.5,0
C00838,32,F,Brazil,1,88.02,15,0.186,Marketplace,2,0,30.32,0
C00839,28,F,India,7,105.8,24,0.051,App,2,0,27.79,0
C00840,47,F,Australia,14,102.14,9,0.143,Marketplace,2,1,30.1,0
C00841,64,Other,Canada,68,136.31,19,0.014,App,1,0,27.13,0
C00842,67,Other,Brazil,12,78.12,18,0.096,Web,0,0,22.47,0
C00843,56,Other,Australia,17,85.2,11,0.042,Marketplace,1,1,0,0
C00844,21,F,United Kingdom,42,127.42,18,0.0,Marketplace,0,1,28.18,0
C00845,63,M,Japan,44,10,10,0.131,App,0,1,16.65,0
C00846,29,F,United Kingdom,65,48.57,24,0.226,Web,3,1,1.24,0
C00847,20,F,India,6,101.7,16,0.012,App,0,0,25.91,0
C00848,22,F,Canada,27,96.35,18,0.083,App,2,1,19.71,0
C00849,37,F,Australia,37,110.34,5,0.001,Marketplace,2,1,37.04,0
C00850,58,Other,United Kingdom,57,155.72,10,0.015,App,0,0,28.31,0
C00851,36,F,Japan,27,97.64,11,0.109,Mobile,3,0,17.37,1
C00852,59,M,France,1,62.33,5,0.0,Marketplace,3,0,25.12,0
C00853,28,F,United Kingdom,27,77.09,4,0.127,App,1,1,2.53,0
C00854,48,F,Japan,60,116.07,7,0.2,Web,0,1,30.78,0
C00855,38,F,Australia,19,54.24,6,0.099,Web,0,1,5.01,0
C00856,53,F,Brazil,24,119.51,8,0.0,Mobile,0,1,12.1,0
C00857,54,Other,Germany,84,65.49,9,0.09,Marketplace,1,0,25.36,0
C00858,28,Other,United Kingdom,13,125.56,10,0.0,Mobile,0,1,4.71,0
C00859,28,F,Brazil,42,53.89,3,0.084,Marketplace,2,0,5.86,0
C00860,65,M,Japan,64,160.01,14,0.223,Marketplace,0,1,45.73,0
C00861,57,F,United States,15,101.12,18,0.152,App,0,1,33.61,0
C00862,33,M,United Kingdom,77,85.77,3,0.099,Mobile,0,1,18.08,0
C00863,26,Other,Germany,20,136.68,13,0.122,Mobile,1,1,1.06,0
C00864,20,Other,Japan,6,122.27,11,0.181,Marketplace,0,1,0.35,0
C00865,40,F,United States,27,65.47,1,0.166,Mobile,0,1,24.82,0
C00866,19,F,India,36,130.71,17,0.072,Mobile,0,1,21.22,0
C00867,31,M,United States,74,141.56,3,0.125,Web,1,0,21.54,0
C00868,37,Other,Australia,26,29.33,1,0.096,Marketplace,1,0,10.18,0
C00869,23,F,United Kingdom,27,69.06,4,0.049,Web,0,1,24.55,0
C00870,61,M,Australia,59,91.0,2,0.152,Web,1,0,22.57,1
C00871,26,F,Germany,24,131.86,14,0.122,Mobile,1,1,3.6,0
C00872,20,Other,France,38,17.19,5,0.043,Web,0,0,30.69,0
C00873,27,F,Japan,37,91.81,14,0.181,App,1,1,13.34,0
C00874,26,M,India,20,71.35,6,0.036,Marketplace,3,0,20.4,0
C00875,68,F,Canada,9,106.18,1,0.265,Mobile,1,1,30.8,0
C00876,47,F,Germany,16,123.88,14,0.12,Web,2,1,11.99,0
C00877,34,F,Mexico,10,131.36,4,0.32,Marketplace,1,0,7.95,1
C00878,35,Other,United States,8,100.53,16,0.176,Marketplace,0,0,24.71,0
C00879,32,Other,United States,17,104.93,16,0.0,Mobile,0,1,5.46,0
C00880,62,Other,Brazil,37,163.42,14,0.086,App,2,1,19.21,0
C00881,45,F,France,40,60.86,7,0.0,Marketplace,0,1,9.24,0
C00882,24,Other,Canada,18,111.53,14,0.028,Web,0,0,20.33,0
C00883,31,F,Australia,4,104.74,1,0.031,Web,1,1,1.62,1
C00884,52,Other,Canada,2,120.34,1,0.065,App,0,0,6.53,0
C00885,63,F,France,8,62.52,13,0.165,App,1,0,35.87,0
C00886,51,Other,Australia,36,103.36,7,0.083,Mobile,0,0,21.46,1
C00887,40,M,Germany,69,118.36,3,0.0,Mobile,1,1,9.88,0
C00888,56,M,United Kingdom,52,85.57,19,0.201,Web,3,1,7.82,0
C00889,40,M,Canada,75,108.89,14,0.181,App,3,0,50.85,0
C00890,39,F,France,81,104.58,2,0.009,Web,1,1,14.29,0
C00891,19,Other,Canada,84,82.95,17,0.092,App,0,1,8.67,0
C00892,68,Other,Brazil,23,71.32,21,0.109,Marketplace,0,1,17.75,0
C00893,68,M,Japan,78,44.9,10,0.085,App,1,1,2.62,0
C00894,24,Other,France,53,56.4,26,0.0,Mobile,2,0,29.1,0
C00895,32,M,United States,23,87.87,4,0.11,Web,3,1,0,0
C00896,63,F,Mexico,34,46.62,15,0.153,Marketplace,3,0,16.68,0
C00897,70,Other,Canada,70,94.23,9,0.0,Mobile,2,0,5.99,0
C00898,41,F,Canada,79,47.32,3,0.033,Marketplace,2,1,4.18,0
C00899,19,M,France,69,38.42,11,0.051,App,3,0,27.35,0
C00900,52,M,Mexico,18,22.33,13,0.114,App,3,0,9.84,0
C00901,46,F,Germany,2,72.88,11,0.178,Marketplace,1,1,4.59,1
C00902,54,M,Japan,11,91.37,9,0.157,App,1,0,0.26,0
C00903,68,M,United States,22,55.27,7,0.118,App,0,1,0,0
C00904,20,M,United States,76,23.12,5,0.18,Marketplace,1,1,39.18,0
C00905,53,M,Japan,83,85.48,20,0.013,Marketplace,0,0,12.16,1
C00906,29,M,Australia,38,114.51,2,0.0,Mobile,2,1,9.65,0
C00907,64,F,Australia,34,119.07,9,0.071,Mobile,2,0,19.68,0
C00908,28,Other,Germany,46,87.12,7,0.051,App,0,0,10.97,1
C00909,52,Other,Brazil,52,44.55,10,0.0,Web,0,0,29.98,0
C00910,45,Other,Germany,3,81.7,10,0.06,App,1,0,25.93,0
C00911,60,F,India,77,71.69,8,0.103,Mobile,0,1,24.47,0
C00912,33,M,France,6,100.21,17,0.045,App,0,0,17.16,0
C00913,49,M,Australia,19,81.3,21,0.0,Web,2,0,14.86,0
C00914,48,Other,Mexico,62,58.55,24,0.0,Web,2,1,23.77,0
C00915,52,Other,Canada,70,139.49,8,0.139,Mobile,0,0,22.01,0
C00916,38,Other,Japan,80,93.15,14,0.153,Mobile,0,1,24.59,0
C00917,62,M,India,75,46.45,17,0.0,App,2,1,1.28,0
C00918,38,M,India,7,63.08,19,0.151,Mobile,0,0,0.17,0
C00919,62,Other,Mexico,49,93.1,10,0.149,Marketplace,2,1,16.24,0
C00920,31,Other,United States,54,73.59,9,0.156,Marketplace,1,1,11.98,0
C00921,49,F,France,1,129.78,14,0.041,Marketplace,0,0,8.37,1
C00922,42,M,Australia,36,173.93,14,0.0,App,0,1,13.52,0
C00923,28,Other,Brazil,2,119.59,1,0.017,App,3,1,18.43,0
C00924,67,M,France,41,53.12,16,0.069,Marketplace,0,1,17.34,0
C00925,42,M,Germany,17,98.61,8,0.0,Web,2,0,31.19,0
C00926,18,M,Brazil,55,116.19,14,0.123,App,1,1,26.92,0
C00927,43,Other,France,18,89.18,2,0.051,Marketplace,1,0,11.36,1
C00928,21,M,Mexico,1,183.39,13,0.0,Mobile,2,1,19.28,0
C00929,30,Other,Australia,11,106.93,20,0.161,App,0,0,26.7,1
C00930,28,M,Germany,82,73.25,13,0.051,Marketplace,0,0,0,0
C00931,39,F,India,30,36.09,16,0.059,App,0,0,7.18,0
C00932,50,M,France,23,92.85,10,0.118,Web,0,1,10.93,0
C00933,20,F,Germany,55,83.57,22,0.06,Mobile,2,0,33.86,1
C00934,63,Other,Canada,58,35.65,10,0.177,Marketplace,1,1,0,0
C00935,46,Other,Mexico,51,87.32,6,0.049,Marketplace,2,0,15.01,0
C00936,61,F,Japan,22,85.59,18,0.0,Marketplace,1,0,19.52,0
C00937,33,M,Japan,6,83.28,23,0.107,Mobile,2,0,11.16,0
C00938,39,Other,Australia,30,124.15,12,0.072,Marketplace,2,0,0,0
C00939,48,M,France,65,67.69,26,0.12,App,0,0,16.34,0
C00940,45,Other,Germany,7,111.38,14,0.031,Marketplace,0,0,15.51,0
C00941,63,M,Mexico,71,124.21,18,0.0,App,0,1,18.92,0
C00942,52,Other,Japan,50,132.03,15,0.0,Web,0,0,25.19,0
C00943,37,F,Japan,41,30.83,13,0.1,Marketplace,0,1,14.14,0
C00944,63,F,Mexico,33,60.69,13,0.118,Mobile,1,0,32.67,0
C00945,33,Other,Germany,73,90.27,8,0.168,Mobile,2,1,44.49,0
C00946,51,F,United States,66,99.78,21,0.022,Mobile,0,0,15.09,1
C00947,32,Other,Japan,23,89.86,11,0.052,Marketplace,0,1,15.35,1
C00948,63,M,United States,50,92.33,18,0.15,Mobile,1,1,10.92,0
C00949,53,Other,United Kingdom,38,130.68,7,0.059,Mobile,0,0,20.17,0
C00950,38,F,United States,40,57.57,1,0.203,Marketplace,0,0,34.48,1
C00951,66,F,India,52,87.54,11,0.107,Web,0,1,33.28,0
C00952,62,Other,Australia,6,71.29,1,0.164,App,0,0,7.05,1
C00953,37,M,Japan,12,71.07,1,0.229,App,0,1,31.06,0
C00954,67,Other,Germany,80,85.38,3,0.099,App,3,0,19.95,0
C00955,53,Other,Australia,19,44.47,19,0.005,Web,0,1,1.54,0
C00956,48,Other,Australia,68,46.81,22,0.076,Mobile,0,1,19.53,1
C00957,41,Other,India,59,110.27,4,0.094,Marketplace,1,0,38.13,1
C00958,58,F,Japan,67,144.85,1,0.01,App,1,0,19.9,0
C00959,26,Other,United Kingdom,10,92.02,5,0.0,Marketplace,1,0,5.15,0
C00960,36,Other,Japan,50,94.48,2,0.0,Marketplace,2,0,28.23,0
C00961,26,M,India,56,82.87,16,0.007,App,0,0,0,0
C00962,26,Other,United Kingdom,14,105.02,14,0.014,Web,0,0,31.33,0
C00963,54,F,India,19,134.54,22,0.079,Marketplace,1,0,21.55,0
C00964,35,Other,United Kingdom,7,80.76,7,0.094,App,2,1,35.56,0
C00965,64,F,United Kingdom,36,100.1,12,0.0,Marketplace,0,0,22.96,0
C00966,22,F,India,50,108.11,20,0.044,Web,3,0,9.35,0
C00967,23,M,Canada,15,10,3,0.0,Web,0,0,35.43,0
C00968,65,F,Brazil,47,78.92,13,0.226,Web,1,0,14.18,1
C00969,69,Other,India,56,41.02,6,0.172,App,1,0,29.24,0
C00970,32,M,India,83,53.13,17,0.16,Mobile,0,0,21.18,0
C00971,56,F,Brazil,33,77.82,19,0.194,Mobile,2,0,38.61,0
C00972,69,M,United States,40,69.3,13,0.049,Mobile,2,0,6.83,1
C00973,40,M,Brazil,72,66.7,5,0.068,App,0,1,23.66,0
C00974,51,M,United States,31,155.4,3,0.233,Marketplace,0,1,20.03,0
C00975,46,F,India,25,64.08,9,0.068,Mobile,0,1,30.88,0
C00976,42,M,Brazil,81,67.59,17,0.067,App,2,1,10.39,0
C00977,63,F,Japan,7,55.03,16,0.063,Web,1,1,26.34,0
C00978,52,Other,Japan,43,123.02,17,0.039,Web,2,1,22.46,0
C00979,32,M,France,13,198.01,4,0.0,Marketplace,1,1,47.1,1
C00980,61,M,France,50,142.49,22,0.121,Web,1,1,20.29,0
C00981,61,F,United States,23,158.99,11,0.055,Mobile,0,1,23.61,0
C00982,44,M,Japan,7,11.68,14,0.098,App,1,0,36.66,0
C00983,46,F,Brazil,82,109.65,7,0.058,Web,1,1,28.51,0
C00984,40,M,France,76,107.23,7,0.0,Mobile,2,0,8.8,1
C00985,37,Other,Japan,2,106.61,26,0.127,App,1,0,40.76,0
C00986,22,Other,United Kingdom,10,57.59,2,0.05,App,3,1,1.94,0
C00987,40,Other,Japan,32,129.86,6,0.067,Web,1,1,21.79,0
C00988,59,M,Brazil,3,90.26,6,0.131,Marketplace,3,0,6.49,1
C00989,34,Other,France,6,98.15,1,0.174,App,1,0,11.75,0
C00990,55,F,Germany,48,10,12,0.068,Mobile,0,0,26.3,0
C00991,58,M,Mexico,45,91.44,9,0.098,App,2,1,26.18,0
C00992,29,F,France,75,110.42,16,0.099,App,3,0,11.9,0
C00993,24,Other,Mexico,9,146.31,13,0.0,Marketplace,0,1,19.96,0
C00994,50,F,Japan,33,75.85,12,0.126,Web,1,1,15.04,0
C00995,36,F,Japan,43,161.58,7,0.0,Marketplace,1,1,11.11,0
C00996,37,Other,United Kingdom,22,125.49,7,0.115,Marketplace,1,0,7.58,0
C00997,41,F,Canada,46,71.04,11,0.0,App,1,0,15.89,0
C00998,28,Other,United Kingdom,29,67.91,9,0.0,Web,1,0,29.57,1
C00999,40,Other,Australia,68,94.46,3,0.188,Mobile,0,1,6.27,0
C01000,52,M,United Kingdom,48,70.06,7,0.168,Web,0,1,0,0
C01001,42,F,Canada,72,30.32,10,0.08,Marketplace,0,0,0,0
C01002,56,M,United States,20,92.94,2,0.074,Web,3,1,5.19,0
C01003,50,F,United Kingdom,18,113.84,22,0.094,Mobile,1,0,6.84,0
C01004,21,Other,Canada,33,56.28,16,0.114,Web,3,0,16.62,0
C01005,44,M,United Kingdom,47,36.26,6,0.044,Mobile,0,0,29.83,0
C01006,26,Other,Germany,17,120.66,10,0.0,Web,1,0,12.95,0
C01007,67,M,Japan,17,48.6,11,0.142,Mobile,0,1,23.93,0
C01008,46,F,United States,59,135.09,5,0.1,Mobile,0,0,9.64,1
C01009,56,F,Japan,12,22.37,19,0.028,Mobile,0,1,10.79,1
C01010,25,M,United Kingdom,4,151.83,10,0.233,Mobile,1,0,0,0
C01011,54,M,Australia,11,92.49,7,0.148,Marketplace,2,0,7.73,0
C01012,66,F,France,6,118.16,3,0.163,App,1,1,15.85,0
C01013,67,F,Japan,33,82.04,13,0.158,Marketplace,1,0,11.49,0
C01014,40,M,Canada,2,41.26,8,0.183,Web,1,0,24.76,0
C01015,36,Other,United Kingdom,19,82.79,24,0.0,Web,0,1,32.22,0
C01016,61,Other,Japan,66,68.83,17,0.0,Web,2,1,13.86,0
C01017,65,F,Germany,80,102.91,10,0.084,App,2,0,9.47,0
C01018,69,F,India,31,46.87,20,0.0,Web,2,1,15.72,0
C01019,41,M,Mexico,69,87.33,17,0.266,Marketplace,0,0,21.22,1
C01020,43,Other,France,4,60.78,4,0.171,Marketplace,0,1,27.82,0
C01021,39,M,Japan,59,40.04,18,0.035,Marketplace,0,1,28.72,0
C01022,35,M,United Kingdom,51,74.18,3,0.164,Web,1,0,6.39,0
C01023,29,M,Mexico,44,83.36,13,0.077,Web,1,1,43.15,0
C01024,70,M,France,44,47.79,14,0.154,Marketplace,2,1,34.47,0
C01025,29,F,France,15,100.67,7,0.0,Mobile,2,0,19.36,0
C01026,42,F,Australia,16,145.5,17,0.053,Web,4,0,17.57,1
C01027,37,Other,United States,41,103.31,8,0.112,Web,0,1,21.86,0
C01028,52,F,Canada,83,143.97,10,0.042,App,3,0,9.81,1
C01029,64,F,Australia,71,11.41,17,0.014,Marketplace,0,0,0,0
C01030,34,F,United States,35,155.21,17,0.0,Marketplace,1,1,14.59,0
C01031,68,M,Germany,44,130.95,2,0.095,Mobile,2,1,26.59,0
C01032,47,M,Mexico,1,112.38,23,0.193,Web,1,1,15.06,0
C01033,19,F,France,48,65.66,19,0.102,Mobile,1,0,0,0
C01034,38,Other,Canada,60,90.37,3,0.0,Mobile,1,1,19.9,0
C01035,66,M,United Kingdom,51,36.63,10,0.297,Marketplace,3,0,20.54,0
C01036,29,Other,India,4,107.05,8,0.05,App,0,0,0,0
C01037,70,Other,Japan,28,101.72,9,0.152,Mobile,2,1,20.41,0
C01038,18,F,United Kingdom,37,132.91,6,0.149,Mobile,0,0,0,0
C01039,45,M,Japan,55,112.74,15,0.159,Marketplace,1,0,5.38,0
C01040,68,M,Canada,16,72.73,13,0.0,Mobile,1,0,10.97,1
C01041,43,Other,Australia,13,43.82,22,0.125,App,0,0,9.58,0
C01042,52,F,United Kingdom,34,10,13,0.0,Mobile,0,0,35.94,1
C01043,28,Other,United Kingdom,66,101.49,12,0.032,Mobile,0,0,0,0
C01044,29,Other,United States,46,172.81,6,0.124,Marketplace,2,1,2.99,0
C01045,33,M,France,82,95.02,4,0.089,Web,0,0,8.63,0
C01046,70,Other,Mexico,31,79.51,22,0.085,App,1,1,33.22,0
C01047,27,Other,Brazil,2,95.32,10,0.088,App,0,0,8.15,0
C01048,42,F,Canada,9,83.42,9,0.139,App,0,1,19.7,0
C01049,23,Other,Canada,55,112.35,11,0.201,Marketplace,2,1,13.4,0
C01050,55,F,United Kingdom,28,109.42,5,0.033,Web,0,0,18.46,0
C01051,34,M,Canada,22,66.16,13,0.191,Mobile,1,1,33.96,0
C01052,54,Other,Mexico,32,117.11,12,0.0,Marketplace,2,1,13.99,0
C01053,31,F,Brazil,10,105.7,18,0.048,App,1,0,29.79,0
C01054,62,Other,Germany,74,122.48,20,0.058,App,0,1,20.34,0
C01055,30,Other,India,15,45.56,6,0.029,Mobile,1,0,35.17,0
C01056,32,M,Australia,16,70.04,14,0.117,App,0,0,12.24,0
C01057,36,M,France,73,45.03,2,0.078,App,1,0,30.54,0
C01058,52,F,Australia,56,85.27,6,0.082,Mobile,0,1,22.23,0
C01059,42,M,Germany,45,10,21,0.077,Web,2,0,8.67,0
C01060,55,Other,Japan,50,103.07,20,0.064,App,0,1,0,0
C01061,26,F,Mexico,73,76.72,7,0.114,Mobile,3,1,16.54,0
C01062,47,Other,Japan,53,63.42,8,0.005,App,1,1,22.83,0
C01063,57,M,Germany,51,68.46,16,0.047,App,0,1,18.57,0
C01064,63,F,France,33,13.69,14,0.0,App,1,0,23.74,0
C01065,55,Other,United Kingdom,58,74.99,20,0.07,Mobile,2,0,0.22,0
C01066,32,Other,Mexico,7,76.51,5,0.028,App,2,0,31.87,0
C01067,24,M,United States,32,135.17,27,0.215,Marketplace,1,1,30.67,1
C01068,38,M,Japan,39,123.91,18,0.023,Mobile,1,1,33.84,0
C01069,67,F,Japan,17,89.87,12,0.047,Web,2,1,14.79,0
C01070,70,M,India,4,93.63,19,0.182,Marketplace,0,0,23.11,1
C01071,40,F,Japan,68,75.68,5,0.045,Mobile,2,1,32.89,0
C01072,22,F,Canada,34,74.96,9,0.0,Mobile,1,1,35.18,0
C01073,52,F,Germany,71,34.84,22,0.065,App,2,1,27.81,0
C01074,47,Other,Japan,38,128.62,14,0.155,Marketplace,1,0,16.06,0
C01075,50,M,Australia,51,93.56,3,0.18,Web,1,1,11.75,0
C01076,27,F,United States,84,12.6,20,0.143,App,0,0,20.01,0
C01077,31,M,Australia,41,108.52,13,0.121,Marketplace,0,0,29.42,0
C01078,39,F,Mexico,24,140.01,5,0.103,Mobile,3,0,0,0
C01079,57,F,Germany,30,91.32,12,0.03,App,2,0,23.29,0
C01080,44,F,Brazil,60,155.09,1,0.127,Marketplace,3,1,36.0,0
C01081,27,F,United Kingdom,62,60.04,7,0.104,Mobile,0,0,25.94,0
C01082,65,F,United States,75,129.48,6,0.059,Mobile,0,0,18.68,0
C01083,52,Other,United Kingdom,38,10,16,0.125,App,0,0,34.06,0
C01084,21,Other,Brazil,48,115.08,23,0.133,Web,0,1,0,0
C01085,48,Other,Germany,83,58.14,5,0.117,Marketplace,0,0,21.43,0
C01086,27,F,Japan,61,79.95,7,0.027,App,1,0,14.86,0
C01087,42,M,Japan,51,86.48,6,0.077,Web,2,0,31.08,0
C01088,68,F,Germany,24,71.85,14,0.1,App,1,1,17.22,0
C01089,62,M,United States,71,17.36,19,0.0,Mobile,0,0,14.33,0
C01090,56,M,Canada,20,88.15,6,0.165,Marketplace,0,1,11.77,0
C01091,24,M,France,23,119.29,25,0.205,Mobile,0,0,20.45,1
C01092,27,F,Germany,15,122.86,7,0.135,Web,0,1,37.79,0
C01093,62,Other,Japan,70,94.54,7,0.063,App,2,0,10.25,0
C01094,18,Other,India,35,148.15,1,0.112,Web,2,1,18.75,0
C01095,57,Other,India,41,104.67,21,0.0,Marketplace,1,0,4.4,0
C01096,32,Other,United Kingdom,35,114.88,18,0.246,Web,0,0,21.45,0
C01097,44,F,United Kingdom,11,109.45,7,0.206,App,2,0,29.34,0
C01098,25,M,India,10,90.83,5,0.224,Marketplace,2,0,12.67,1
C01099,32,F,United States,56,86.84,22,0.124,Marketplace,0,0,26.9,0
C01100,42,F,Canada,10,35.32,9,0.133,Mobile,0,1,16.44,0
C01101,59,F,United Kingdom,69,85.65,9,0.066,Mobile,2,0,16.02,0
C01102,24,Other,United Kingdom,23,65.38,13,0.004,Marketplace,0,0,34.96,0
C01103,52,M,France,54,10,7,0.077,App,1,0,8.82,0
C01104,66,Other,Brazil,18,79.74,17,0.0,Mobile,2,1,21.15,0
C01105,38,M,United Kingdom,67,58.31,22,0.018,Mobile,2,1,17.86,0
C01106,36,F,United States,24,24.54,14,0.108,App,3,0,8.73,1
C01107,62,Other,Canada,9,105.04,13,0.079,Web,2,0,15.29,0
C01108,48,Other,Canada,79,124.57,1,0.129,Mobile,0,1,27.14,0
C01109,50,Other,United States,26,118.9,17,0.233,Web,2,1,1.44,0
C01110,18,F,United States,45,115.73,22,0.028,App,0,1,16.08,0
C01111,58,Other,United Kingdom,6,74.8,15,0.084,Marketplace,2,0,17.29,0
C01112,69,Other,Australia,79,84.33,17,0.202,Mobile,1,1,13.72,0
C01113,70,Other,Germany,59,88.22,1,0.111,Mobile,0,0,28.45,0
C01114,70,M,Canada,62,57.11,2,0.153,Mobile,0,1,17.39,0
C01115,45,F,Japan,71,64.57,23,0.111,Mobile,1,0,7.06,0
C01116,24,Other,Canada,70,31.92,18,0.0,Marketplace,1,1,43.28,0
C01117,38,Other,United Kingdom,3,23.18,20,0.044,Web,1,0,3.06,0
C01118,58,M,Japan,69,108.07,1,0.058,Marketplace,1,0,9.66,0
C01119,44,Other,France,15,44.86,14,0.243,App,3,1,5.0,0
C01120,60,M,India,64,64.29,16,0.188,Marketplace,3,0,16.69,0
C01121,52,Other,Japan,50,89.14,2,0.0,Mobile,3,0,14.38,0
C01122,39,F,Japan,42,106.16,12,0.143,Web,0,1,24.76,0
C01123,46,M,United States,35,71.47,9,0.018,Web,0,1,29.89,0
C01124,53,F,Mexico,77,99.47,1,0.112,Mobile,0,1,18.19,0
C01125,69,F,Australia,78,106.76,1,0.148,Web,2,1,25.69,0
C01126,42,Other,Australia,38,49.09,13,0.0,Web,1,0,28.41,0
C01127,38,F,United States,22,138.89,21,0.159,Mobile,1,1,29.77,0
C01128,35,F,India,69,93.6,15,0.015,Marketplace,1,0,23.18,0
C01129,37,F,United Kingdom,70,38.87,8,0.075,Marketplace,0,0,6.25,0
C01130,68,M,Canada,48,73.06,13,0.067,App,1,1,35.62,0
C01131,59,Other,France,27,176.39,13,0.038,Marketplace,2,1,18.85,0
C01132,46,F,Australia,73,62.31,23,0.123,Web,3,0,4.38,0
C01133,19,M,United Kingdom,15,68.92,8,0.0,Web,2,0,21.22,0
C01134,43,M,United Kingdom,62,162.89,11,0.152,App,0,1,30.19,0
C01135,20,F,United Kingdom,49,123.19,21,0.21,Mobile,3,1,22.52,0
C01136,25,F,France,78,71.34,17,0.083,Marketplace,2,1,10.81,0
C01137,37,F,Germany,62,109.17,8,0.046,Mobile,3,1,4.68,0
C01138,38,F,Japan,1,57.78,9,0.082,Web,2,1,26.2,1
C01139,18,Other,United Kingdom,32,44.59,18,0.254,Marketplace,0,0,36.83,1
C01140,49,Other,India,21,58.86,7,0.109,App,0,1,2.81,0
C01141,28,M,India,24,59.24,8,0.049,Web,0,1,22.78,0
C01142,46,F,France,9,95.32,26,0.14,Marketplace,0,1,14.9,0
C01143,47,Other,France,40,81.95,17,0.043,Web,1,0,10.81,0
C01144,68,M,Japan,60,153.06,18,0.152,Mobile,0,1,0,0
C01145,20,F,Germany,43,89.89,20,0.132,Mobile,1,0,0,1
C01146,45,F,Brazil,5,118.8,3,0.072,Marketplace,2,0,3.97,0
C01147,30,M,Germany,2,75.22,20,0.129,App,2,1,23.43,0
C01148,64,Other,Brazil,29,119.53,1,0.096,Mobile,0,0,17.59,0
C01149,36,F,France,36,112.95,5,0.072,Mobile,0,1,32.7,0
C01150,31,M,United States,51,65.97,18,0.162,Web,1,1,29.64,0
C01151,62,Other,India,5,117.87,17,0.0,Mobile,0,0,9.41,0
C01152,24,M,France,11,80.01,5,0.059,App,0,0,14.4,0
C01153,57,Other,Japan,79,77.53,2,0.0,App,1,1,29.28,0
C01154,66,M,Japan,67,19.27,17,0.149,Marketplace,2,0,28.34,1
C01155,64,M,Canada,69,27.24,2,0.166,Marketplace,0,0,13.44,0
C01156,18,M,Germany,43,126.57,12,0.0,Marketplace,2,1,13.28,0
C01157,49,M,Mexico,21,50.5,10,0.047,Web,1,0,12.68,0
C01158,67,M,Japan,11,66.66,3,0.028,Web,3,0,15.98,0
C01159,70,M,India,3,81.31,2,0.26,Mobile,0,0,24.52,0
C01160,53,Other,India,55,52.1,20,0.032,Web,1,0,38.83,0
C01161,66,F,Japan,60,90.25,11,0.116,Mobile,0,0,16.88,0
C01162,68,Other,India,75,78.77,16,0.109,App,1,1,13.15,0
C01163,25,M,United States,32,83.3,9,0.172,Mobile,1,0,29.74,1
C01164,37,M,United Kingdom,28,41.17,10,0.027,Marketplace,2,1,22.67,0
C01165,23,F,India,28,69.67,4,0.0,App,0,0,5.03,1
C01166,66,M,Australia,56,134.92,20,0.141,Mobile,0,0,35.15,0
C01167,55,F,United Kingdom,63,55.07,9,0.09,Mobile,0,1,15.01,0
C01168,48,M,Germany,63,118.86,12,0.097,App,2,1,31.53,0
C01169,29,Other,Brazil,67,140.22,18,0.074,App,3,1,40.51,0
C01170,58,M,Canada,27,119.25,4,0.22,Web,0,1,10.41,1
C01171,30,Other,Canada,72,66.93,10,0.09,App,1,0,9.82,1
C01172,58,F,Japan,34,87.01,8,0.001,Marketplace,0,1,15.15,0
C01173,54,M,Japan,6,54.07,15,0.026,Marketplace,0,0,11.3,0
C01174,66,M,Mexico,35,75.85,20,0.0,Marketplace,0,0,37.05,0
C01175,26,F,Australia,63,104.67,15,0.118,App,2,1,28.5,0
C01176,67,F,Mexico,5,10,16,0.266,Marketplace,0,0,7.07,0
C01177,46,M,Canada,84,83.55,1,0.09,Mobile,2,1,15.12,1
C01178,63,Other,Australia,2,123.83,4,0.012,Web,3,0,37.2,0
C01179,29,F,Canada,70,98.01,14,0.076,Web,2,0,21.99,0
C01180,64,Other,Brazil,84,78.96,7,0.15,App,3,0,18.93,1
C01181,24,F,United Kingdom,73,91.05,17,0.139,Mobile,1,0,30.83,0
C01182,66,M,France,36,99.68,4,0.056,Marketplace,0,1,7.79,0
C01183,31,Other,Germany,24,91.21,14,0.013,Mobile,1,0,18.79,0
C01184,44,F,Australia,13,90.4,22,0.174,Mobile,2,1,20.5,0
C01185,21,Other,India,61,128.87,12,0.0,Mobile,1,0,24.3,1
C01186,43,M,Brazil,54,76.95,11,0.05,App,0,0,27.47,1
C01187,19,F,Germany,8,106.55,14,0.008,Web,3,0,31.17,0
C01188,59,M,Canada,58,91.33,13,0.111,Marketplace,1,0,39.07,0
C01189,49,F,Japan,19,88.1,13,0.111,Mobile,0,1,17.13,0
C01190,53,F,Germany,9,22.99,11,0.081,App,1,0,26.99,0
C01191,36,F,United Kingdom,17,92.91,15,0.072,Web,1,1,29.09,0
C01192,55,F,Germany,35,154.94,7,0.22,Mobile,1,0,5.0,0
C01193,44,Other,Mexico,83,63.51,7,0.087,Web,1,1,29.82,0
C01194,61,F,United Kingdom,18,103.64,11,0.153,Web,0,1,3.14,0
C01195,24,Other,France,74,69.77,6,0.176,Marketplace,0,0,24.08,0
C01196,34,M,Australia,62,117.6,1,0.031,Web,2,1,10.15,0
C01197,18,Other,Canada,65,55.12,11,0.075,Web,2,0,1.74,0
C01198,49,Other,Mexico,38,104.36,5,0.009,Mobile,2,0,23.21,0
C01199,43,M,United States,78,132.65,9,0.15,Mobile,0,0,16.3,0
C01200,25,F,United Kingdom,29,112.26,4,0.036,Web,0,0,29.59,0
